Date,SANB11.SA.csv,CSAN3.SA.csv,SEER3.SA.csv,BRDT3.SA.csv,BBSE3.SA.csv
2012-07-13,10.645563000000001,21.546154,,,
2012-07-16,10.451327000000001,21.096832,,,
2012-07-17,10.555914999999999,21.447885999999997,,,
2012-07-18,10.869678,21.658485,,,
2012-07-19,10.847269,21.672544,,,
2012-07-20,10.570853999999999,21.637396,,,
2012-07-23,10.600735,21.447885999999997,,,
2012-07-24,10.540973,21.293371,,,
2012-07-25,10.578327999999999,21.412733,,,
2012-07-26,10.832325,21.693558,,,
2012-07-27,11.594325999999999,22.430737,,,
2012-07-30,11.855795,22.430737,,,
2012-07-31,11.586855,21.904235999999997,,,
2012-08-01,11.698914,22.173969,,,
2012-08-02,11.258148,21.764736,,,
2012-08-03,11.908088000000001,21.929882,,,
2012-08-06,12.050028,22.655109,,,
2012-08-07,11.878203,22.856213,,,
2012-08-08,12.057499,23.430593,,,
2012-08-09,11.960382000000001,23.071614999999998,,,
2012-08-10,11.960382000000001,22.72694,,,
2012-08-13,11.6765,22.612043,,,
2012-08-14,11.594325999999999,22.798765,,,
2012-08-15,11.952913,23.121872,,,
2012-08-16,12.094852000000001,22.992598,,,
2012-08-17,12.318969000000001,23.164935999999997,,,
2012-08-20,12.289088000000001,23.437784,,,
2012-08-21,12.423556,23.839909,,,
2012-08-22,12.289088000000001,24.069691,,,
2012-08-23,12.251733999999999,23.732203,,,
2012-08-24,11.975324,24.342541,,,
2012-08-27,12.04256,24.371305,,,
2012-08-28,11.848322,23.983564,,,
2012-08-29,11.594325999999999,23.753777,,,
2012-08-30,11.355266,24.198963,,,
2012-08-31,11.579381,24.270792,,,
2012-09-03,11.556973,24.285091,,,
2012-09-04,11.258148,23.983564,,,
2012-09-05,11.310442,24.629852,,,
2012-09-06,11.825911999999999,25.096531,,,
2012-09-10,11.698914,24.737555,,,
2012-09-11,11.952913,25.268871,,,
2012-09-12,12.259205,25.240187,,,
2012-09-13,12.326441,26.03005,,,
2012-09-14,12.647675999999999,25.347889000000002,,,
2012-09-17,12.767204,25.477163,,,
2012-09-18,12.438497,25.455589,,,
2012-09-19,12.602852,26.101881,,,
2012-09-20,12.475850999999999,25.742823,,,
2012-09-21,12.371264,25.864902,,,
2012-09-24,12.229322,25.958223,,,
2012-09-25,11.616736,25.951031,,,
2012-09-26,11.474794000000001,26.626083,,,
2012-09-27,11.437055,26.676340000000003,,,
2012-09-28,11.100011,26.59013,,,
2012-10-01,11.362156,26.640388,,,
2012-10-02,11.279766,26.712212,,,
2012-10-03,11.234826,26.6332,,,
2012-10-04,11.189888,26.424984000000002,,,
2012-10-05,11.257298,26.891745,,,
2012-10-08,11.452036,26.999445,,,
2012-10-09,11.040091,27.021021,,,
2012-10-10,11.010131,27.107146999999998,,,
2012-10-11,11.249806,27.71748,,,
2012-10-15,11.272278,26.468044,,,
2012-10-16,11.234826,26.640388,,,
2012-10-17,11.122479,26.906124,,,
2012-10-18,11.152442,26.877360999999997,,,
2012-10-19,10.957703,27.035315999999998,,,
2012-10-22,10.860335000000001,27.143101,,,
2012-10-23,10.635637,26.661960999999998,,,
2012-10-24,10.575718,26.460853999999998,,,
2012-10-25,10.673086999999999,26.568562,,,
2012-10-26,10.48584,27.372805,,,
2012-10-29,10.358511,27.430252000000003,,,
2012-10-30,10.358511,27.925776000000003,,,
2012-10-31,10.448391,27.968838,,,
2012-11-01,10.875314999999999,28.615133,,,
2012-11-05,10.688066000000001,28.57917,,,
2012-11-06,10.785436,28.184241999999998,,,
2012-11-07,10.560739,27.645733,,,
2012-11-08,10.433411999999999,28.270451,,,
2012-11-09,10.48584,28.414023999999998,,,
2012-11-12,10.523289,28.090922999999997,,,
2012-11-13,10.710535,28.320704,,,
2012-11-14,10.433411999999999,28.220196,,,
2012-11-16,10.298594,28.011906,,,
2012-11-19,10.530778999999999,28.651004999999998,,,
2012-11-21,10.785436,28.464281,,,
2012-11-22,10.860335000000001,28.270451,,,
2012-11-23,11.062562,28.679682,,,
2012-11-26,10.792925,28.399645,,,
2012-11-27,10.545760000000001,28.435598,,,
2012-11-28,10.762966,28.327897999999998,,,
2012-11-29,10.920254,28.536109999999997,,,
2012-11-30,10.860335000000001,28.213007,,,
2012-12-03,10.658105,28.004711,,,
2012-12-04,10.650618,27.789305,,,
2012-12-05,10.747986000000001,27.861134999999997,,,
2012-12-06,10.830374,28.220196,,,
2012-12-07,10.897784,28.184241999999998,,,
2012-12-10,10.897784,28.291939000000003,,,
2012-12-11,10.897784,28.435598,,,
2012-12-12,10.852846000000001,28.57917,,,
2012-12-13,11.017622,28.507425,,,
2012-12-14,11.002642,28.773085,,,
2012-12-17,11.055071,29.570140999999996,,,
2012-12-18,11.062562,29.799929,,,
2012-12-19,10.98017,30.130219,,,
2012-12-20,11.326432,30.072769,,,
2012-12-21,11.364311,30.051284999999996,,,
2012-12-26,11.250672,30.424646000000003,,,
2012-12-27,11.099145,30.130219,,,
2012-12-28,11.341585,29.979458,,,
2013-01-02,11.137027999999999,30.517962,,,
2013-01-03,11.424922,30.331315999999998,,,
2013-01-04,11.311278999999999,30.273874,,,
2013-01-07,11.205214,30.374385999999998,,,
2013-01-08,11.417347,30.697487,,,
2013-01-09,11.523414,30.762127000000003,,,
2013-01-10,12.106783,30.410259000000003,,,
2013-01-11,11.750701,30.539537,,,
2013-01-14,11.887071,31.020670000000003,,,
2013-01-15,11.758278,30.697487,,,
2013-01-16,11.82646,30.697487,,,
2013-01-17,11.743126,30.754935999999997,,,
2013-01-18,11.765853,30.769321,,,
2013-01-21,11.697667,31.164253000000002,,,
2013-01-22,11.326432,31.164253000000002,,,
2013-01-23,11.159757,31.164253000000002,,,
2013-01-24,11.091567,31.946924,,,
2013-01-28,11.023383,32.12645,,,
2013-01-29,11.000656,32.815811,,,
2013-01-30,11.008231,33.670307,,,
2013-01-31,11.099145,33.749321,,,
2013-02-01,11.235519,33.749321,,,
2013-02-04,11.17491,33.39027,,,
2013-02-05,11.061263,33.821075,,,
2013-02-06,11.030961,33.304058000000005,,,
2013-02-07,10.803676,34.359657,,,
2013-02-08,10.894588,33.569798,,,
2013-02-13,10.720336,33.103035,,,
2013-02-14,10.735488,33.031208,,,
2013-02-15,11.106721,33.39027,,,
2013-02-18,11.053687,33.462101000000004,,,
2013-02-19,10.924892999999999,33.821075,,,
2013-02-20,10.864284,33.138908,,,
2013-02-21,10.621845,32.995335,,,
2013-02-22,10.84913,32.844566,,,
2013-02-25,10.833979,32.887634000000006,,,
2013-02-26,10.811249,32.815811,,,
2013-02-27,10.833979,32.492702,,,
2013-02-28,10.894588,33.505161,,,
2013-03-01,10.970350999999999,33.36869,,,
2013-03-04,10.924892999999999,33.533840000000005,,,
2013-03-05,10.947622,34.460175,,,
2013-03-06,11.515838,34.374046,,,
2013-03-07,11.546144,33.36869,,,
2013-03-08,12.03102,33.32563,,,
2013-03-11,11.712819999999999,33.598476,,,
2013-03-12,11.417347,33.749321,,,
2013-03-13,11.432499,34.058052,,,
2013-03-14,11.591599,33.971920000000004,,,
2013-03-15,11.667361999999999,33.576984,,,
2013-03-18,11.591599,34.029365999999996,,,
2013-03-19,11.341585,33.074356,,,
2013-03-20,11.402192999999999,32.507003999999995,,,
2013-03-21,11.311278999999999,32.751166999999995,,,
2013-03-22,11.15218,31.918238,,,
2013-03-25,10.833979,32.148026,,,
2013-03-26,10.947622,32.779934000000004,,,
2013-03-27,10.841556,33.16048,,,
2013-03-28,11.068842,33.16048,,,
2013-04-01,11.037766,32.449646,,,
2013-04-02,10.839709,32.033138,,,
2013-04-03,10.96159,32.12645,,,
2013-04-04,10.771153,32.104881,,,
2013-04-05,10.748301,31.882282,,,
2013-04-08,10.717831,31.882282,,,
2013-04-09,10.832094999999999,32.12645,,,
2013-04-10,11.053,32.67223,,,
2013-04-11,11.091088000000001,31.846415999999998,,,
2013-04-12,11.007297,31.29352,,,
2013-04-15,10.953974,30.374385999999998,,,
2013-04-16,11.12156,31.975683,,,
2013-04-17,10.893033,31.236074,,,
2013-04-18,10.885414,32.521381,,,
2013-04-19,11.007297,32.298790000000004,,,
2013-04-22,11.11394,32.15522,,,
2013-04-23,11.17488,33.081466999999996,,,
2013-04-24,11.14441,33.397465000000004,,,
2013-04-25,10.816857,33.332817,,,
2013-04-26,,,,,
2013-04-29,10.816857,33.311253,,,12.616615
2013-04-30,11.197735,34.180134,,,12.958631
2013-05-02,11.022530999999999,33.749321,,,13.300649
2013-05-03,10.877799000000001,33.979115,,,13.490654999999999
2013-05-06,10.77877,33.749321,,,13.627464000000002
2013-05-07,11.190118,33.749321,,,13.597060999999998
2013-05-08,11.12156,33.246693,,,13.300649
2013-05-09,11.053,33.533840000000005,,,13.490654999999999
2013-05-10,10.984442999999999,33.634438,,,13.612264999999999
2013-05-13,10.854944999999999,33.433327,,,13.55146
2013-05-14,10.786387,33.569798,,,13.680666
2013-05-15,10.931121000000001,33.749321,,,13.984682000000001
2013-05-16,11.273907000000001,33.138908,,,14.288696
2013-05-17,11.235822,33.770821000000005,,,14.319098
2013-05-20,11.464345,34.582256,,,14.106288000000001
2013-05-21,11.464345,35.041828,,,14.060685999999999
2013-05-22,11.654784,35.171096999999996,,,13.870675
2013-05-23,11.464345,35.199783000000004,,,13.55906
2013-05-24,11.578607,34.611022999999996,,,13.711068
2013-05-27,11.730959,34.266338,,,13.711068
2013-05-28,11.692871,34.460175,,,13.946679999999999
2013-05-29,11.692871,34.273537,,,13.749072
2013-05-31,11.723339,33.964733,,,14.037885000000001
2013-06-03,11.471964,33.433327,,,13.832673999999999
2013-06-04,11.471964,33.519543,,,13.52866
2013-06-05,11.182497999999999,33.031208,,,13.490654999999999
2013-06-06,11.342467,31.52331,,,13.52866
2013-06-07,11.083471000000001,32.011559000000005,,,13.604663
2013-06-10,11.190118,31.329396999999997,,,13.642667000000001
2013-06-11,10.824475999999999,30.395884000000002,,,13.270247
2013-06-12,10.885414,31.236074,,,13.110638
2013-06-13,10.992063,31.817734,,,13.604663
2013-06-14,10.946354,31.487353999999996,,,13.787073000000001
2013-06-17,11.12156,31.063745,,,13.756670999999999
2013-06-18,10.931121000000001,31.200122999999998,,,13.665465
2013-06-19,10.854944999999999,30.654425,,,13.239844
2013-06-20,10.649272,30.446218,,,13.080236
2013-06-21,10.59595,30.374385999999998,,,13.255045999999998
2013-06-24,10.51216,30.130219,,,12.882627000000001
2013-06-25,10.245546000000001,29.685032,,,12.692618
2013-06-26,10.362544999999999,29.979458,,,12.791423
2013-06-27,10.300817,31.250463,,,13.141042
2013-06-28,10.37798,31.092421,,,13.376655
2013-07-01,10.462850999999999,31.164253000000002,,,13.300649
2013-07-02,10.146498,30.38158,,,13.065037
2013-07-03,10.015326,30.280983000000003,,,13.110638
2013-07-04,10.023044,30.158983000000003,,,13.475454999999998
2013-07-05,10.015326,30.123026,,,13.376655
2013-07-08,9.945881,30.158983000000003,,,13.604663
2013-07-10,9.961314,30.072769,,,13.490654999999999
2013-07-11,10.185077,31.501738,,,13.604663
2013-07-12,9.984461999999999,31.135571000000002,,,13.467856
2013-07-15,10.223657000000001,31.164253000000002,,,13.384254
2013-07-16,10.192793,31.085228000000004,,,13.232245
2013-07-17,10.177363,31.551996000000003,,,13.650264000000002
2013-07-18,10.069339999999999,31.458668,,,13.718668
2013-07-19,10.146498,31.379654,,,13.642667000000001
2013-07-22,10.416557000000001,31.595059999999997,,,13.680666
2013-07-23,10.810072,31.52331,,,13.680666
2013-07-24,10.941241,31.157051,,,13.718668
2013-07-25,10.617173,30.697487,,,13.764273000000001
2013-07-26,,,,,
2013-07-29,10.570875,30.87702,,,13.794673000000001
2013-07-30,10.702047,30.769321,,,13.977082000000001
2013-07-31,10.501432000000001,30.525147999999998,,,14.015082999999999
2013-08-01,10.763777000000001,31.825048,,,14.189892
2013-08-02,10.493717,31.715190999999997,,,14.433101999999998
2013-08-05,10.493717,31.312346,,,14.744716
2013-08-06,10.316252,30.902171999999997,,,14.744716
2013-08-07,10.331682,30.543257,,,14.896726000000001
2013-08-08,10.609456,30.61652,,,15.124739000000002
2013-08-09,10.686617,30.894835999999998,,,15.155141
2013-08-12,10.948958,30.235691,,,14.828320999999999
2013-08-13,10.802356,30.462736,,,14.942325
2013-08-14,10.648036,29.847431,,,14.744716
2013-08-15,10.462850999999999,29.700983,,,14.744716
2013-08-16,10.686617,29.532518,,,14.676314000000001
2013-08-19,10.663467,29.810839,,,13.878276000000001
2013-08-20,10.570875,29.481264000000003,,,14.154195999999999
2013-08-21,10.478286,29.224876000000002,,,14.364175
2013-08-22,10.686617,30.089153000000003,,,14.558601999999999
2013-08-23,10.725196,30.975434999999997,,,15.017447
2013-08-26,10.570875,30.448065000000003,,,14.768583999999999
2013-08-27,10.177363,29.627712,,,14.745249
2013-08-28,10.161932,29.862101000000003,,,14.675258
2013-08-29,10.239091,29.517851,,,14.77636
2013-08-30,10.52458,30.470072,,,14.963007000000001
2013-09-02,10.833219999999999,30.763052000000002,,,14.9319
2013-09-03,10.408841,30.045225,,,14.924123999999999
2013-09-04,10.462850999999999,30.543257,,,14.916347
2013-09-05,10.624887,30.763052000000002,,,15.204095
2013-09-06,10.740628,30.455406,,,15.476292
2013-09-09,11.041551,31.49548,,,15.911806
2013-09-10,10.956676,31.612669,,,16.106232000000002
2013-09-11,11.026117,31.49548,,,16.222889000000002
2013-09-12,10.956676,31.49548,,,16.339544
2013-09-13,11.103276,31.576078000000003,,,16.285103
2013-09-16,10.995255,31.524731,,,16.23844
2013-09-17,11.110994,31.444215999999997,,,16.471754
2013-09-18,11.311608999999999,31.773787,,,17.031696
2013-09-19,11.319324,30.689787,,,16.915045000000003
2013-09-20,10.995255,30.477324,,,16.720617
2013-09-23,11.334758,30.814318,,,16.635073000000002
2013-09-24,11.249882000000001,31.810465,,,16.697285
2013-09-25,11.188153999999999,32.081436,,,16.992813
2013-09-26,11.110994,31.642008,,,17.031696
2013-09-27,12.028317999999999,31.414872999999996,,,17.233902
2013-09-30,11.623745,31.290426,,,16.961704
2013-10-01,11.709327,32.330502,,,17.467211
2013-10-02,11.934955,32.088778999999995,,,17.187237
2013-10-03,11.78713,31.810465,,,16.798385999999997
2013-10-04,11.78713,31.956909000000003,,,16.798385999999997
2013-10-07,11.888273,31.934908,,,17.101689999999998
2013-10-08,11.78713,32.308495,,,17.404997
2013-10-09,12.020539,32.718674,,,17.762739
2013-10-10,11.903834,31.883647999999997,,,18.198254000000002
2013-10-11,11.958297,31.693268,,,18.143812
2013-10-14,12.059439999999999,32.132706,,,18.346014
2013-10-15,11.981634,32.411015,,,18.470448
2013-10-16,11.950517,32.323161999999996,,,18.314907
2013-10-17,11.958297,32.608818,,,18.587103
2013-10-18,12.028317999999999,32.205971000000005,,,18.843746
2013-10-21,12.129458999999999,32.235229,,,18.820415
2013-10-22,12.059439999999999,32.557549,,,18.835967999999998
2013-10-23,11.919394,32.220638,,,18.353794
2013-10-24,11.748228,31.788459999999997,,,18.657095
2013-10-25,11.685986999999999,31.766455,,,18.501556
2013-10-28,11.78713,32.535548999999996,,,18.54822
2013-10-29,11.888273,32.704002,15.276074,,18.454895
2013-10-30,11.981634,32.33783,15.560606,,18.773751999999998
2013-10-31,12.004978,32.901790999999996,15.960707999999999,,19.030396
2013-11-01,12.020539,32.704002,16.22747,,19.209269
2013-11-04,12.098341,32.374428,17.161098000000003,,18.867079
2013-11-05,11.973857,32.044849,17.294435999999997,,18.54822
2013-11-06,11.864930000000001,32.110703,17.205510999999998,,18.089373000000002
2013-11-07,11.864930000000001,32.301167,17.596823,,17.964942999999998
2013-11-08,11.670424,31.788459999999997,17.605707000000002,,18.042709
2013-11-11,11.740449,31.971582,17.516788000000002,,18.400457
2013-11-12,11.561501,32.154709000000004,17.294435999999997,,17.856064
2013-11-13,11.615963,32.440360999999996,17.33894,,18.41601
2013-11-14,11.78713,32.711342,17.694628,,18.765974
2013-11-18,11.794909,32.154709000000004,17.783548,,18.742643
2013-11-19,11.491479,31.642008,17.783548,,18.486004
2013-11-21,11.460357,31.129225,17.774572,,18.742643
2013-11-22,11.30475,30.894835999999998,17.783548,,18.7582
2013-11-25,11.265849000000001,31.49548,18.00581,,18.835967999999998
2013-11-26,11.343653,30.99744,18.450413,,18.975954
2013-11-27,11.545941000000001,31.158562,18.672672,,18.999289
2013-11-28,11.429235,30.909512,19.028357,,19.559231
2013-11-29,11.592623,31.49548,19.028357,,19.75366
2013-12-02,11.359214999999999,30.726378999999998,18.983942000000003,,19.738101999999998
2013-12-03,11.195827,29.950034999999996,18.895018,,19.52035
2013-12-04,11.094685,30.030558000000003,19.028357,,19.077060999999997
2013-12-05,10.977979,29.517851,19.063889,,18.952627
2013-12-06,11.071342999999999,29.854774,18.850513,,18.719313
2013-12-09,11.024662,29.906022999999998,18.672672,,18.921518
2013-12-10,10.985761,29.913361,18.823864,,18.975954
2013-12-11,10.69789,29.349401,18.850513,,18.937073
2013-12-12,10.783472,29.407991,19.25061,,18.649323000000003
2013-12-13,10.736792,29.115013,19.472965,,18.773751999999998
2013-12-16,10.853496,28.975813,19.641924,,18.773751999999998
2013-12-17,10.845715,28.931889,19.561885999999998,,18.9604
2013-12-18,10.853496,28.968477000000004,19.650806,,18.921518
2013-12-19,11.048,29.47393,19.784142000000003,,19.092609
2013-12-20,11.063563,29.093003999999997,20.015369,,18.874857000000002
2013-12-23,10.837936000000001,29.173609000000003,20.273254,,18.625989999999998
2013-12-26,10.892396000000002,28.785434999999996,20.468866000000002,,18.41601
2013-12-27,10.814592999999999,28.770765,20.362083,,18.797085
2013-12-30,10.666768,28.990485999999997,20.895613,,19.053726
2014-01-02,10.67888,27.869814,20.53993,,18.625989999999998
2014-01-03,10.647587,28.140871,20.362083,,18.221581
2014-01-06,10.65541,27.481635999999998,20.451006,,17.964942999999998
2014-01-07,10.725821,27.349773,20.317673000000003,,17.848285999999998
2014-01-08,10.999638000000001,27.034868,19.873064000000003,,18.07382
2014-01-09,10.796231,27.320521999999997,19.650806,,17.677193
2014-01-10,10.741467,27.979671000000003,20.210985,,17.910503
2014-01-13,10.968345,27.488971999999997,19.917572,,17.996048000000002
2014-01-14,11.304749000000001,28.375263,19.730848,,18.260469
2014-01-15,10.076482,28.02368,19.384043,,18.633764000000003
2014-01-16,9.959132,27.855221000000004,19.339539000000002,,18.781532000000002
2014-01-17,9.787019,27.979671000000003,19.108395,,18.641541
2014-01-20,9.740077000000001,27.781954,18.75271,,18.579327
2014-01-21,9.497554,27.393703000000002,18.272573,,18.454895
2014-01-22,9.544495,27.488971999999997,18.094725,,18.781532000000002
2014-01-23,9.614904,26.763809000000002,18.290337,,18.587103
2014-01-24,9.458436,26.514833000000003,18.103610999999997,,18.112707
2014-01-27,9.333264,26.822407000000002,18.539335,,17.910503
2014-01-28,9.286323,26.94693,18.761592999999998,,17.964942999999998
2014-01-29,9.168973,26.624691,18.939432,,17.731632
2014-01-30,8.926447999999999,25.818924,18.361494,,17.622751
2014-01-31,8.809097,26.324371000000003,18.121374,,17.653864000000002
2014-02-03,8.60569,25.291634,17.516788000000002,,16.977257
2014-02-04,8.84039,26.111908,18.210299,,17.327223
2014-02-05,8.582222,25.943451,17.783548,,17.7083
2014-02-06,8.738686999999999,25.577284,18.450413,,18.41601
2014-02-07,8.918625,26.002048000000002,18.681553,,18.159369
2014-02-10,8.973389,25.555277,18.646023,,18.276024
2014-02-11,9.090738,25.90686,18.806103,,19.053726
2014-02-12,9.215912,25.789663,18.583748,,18.587103
2014-02-13,9.0438,25.445421,18.450413,,18.664873
2014-02-14,9.153324000000001,26.712545000000002,18.450413,,18.470448
2014-02-17,8.926447999999999,26.580681,18.530455,,18.797145999999998
2014-02-18,8.902978,25.489347,17.943533,,18.621696
2014-02-19,8.965566,24.903379,17.605707000000002,,18.709419
2014-02-20,8.973389,25.416079999999997,18.050219,,18.72537
2014-02-21,9.0438,25.899525,18.539335,,18.741322
2014-02-24,9.184617999999999,26.807819,18.574863,,18.573847
2014-02-25,9.106386,26.397640000000003,18.494826999999997,,18.741322
2014-02-26,9.082916,26.287699,18.281456,,18.701447
2014-02-27,9.145501,26.214512,18.228065,,18.781197
2014-02-28,8.957742999999999,25.408827,18.228065,,18.581818
2014-03-05,8.88733,24.793526,18.316988000000002,,18.685493
2014-03-06,9.020327,25.489347,18.503708,,18.757269
2014-03-07,8.989035000000001,24.756926999999997,18.405904999999997,,18.502069
2014-03-10,9.012507000000001,25.269629000000002,17.970274,,18.191044
2014-03-11,9.0438,25.357485,17.961391,,17.983692
2014-03-12,8.949919,25.218367,17.827965,,17.848118
2014-03-13,8.832567999999998,24.859453,17.827965,,17.71254
2014-03-14,8.590046000000001,24.170963,17.783548,,17.840142999999998
2014-03-17,8.699571,24.024427,17.827965,,17.864067000000002
2014-03-18,8.949919,24.170963,17.908003,,18.573847
2014-03-19,9.145501,24.273485,17.916885,,19.004498
2014-03-20,9.106386,24.061101999999998,18.139139,,18.908796
2014-03-21,9.176796000000001,24.625063,18.228065,,18.549923
2014-03-24,9.481908,25.1451,17.908003,,18.821070000000002
2014-03-25,9.466261,24.581141,17.303318,,19.100195000000003
2014-03-26,9.63055,24.822859,16.947723,,18.892847
2014-03-27,9.721859,25.489347,17.418979999999998,,19.259698999999998
2014-03-28,9.502335,25.672472,17.516788000000002,,19.259698999999998
2014-03-31,9.855143,25.826256,17.694628,,20.025301000000002
2014-04-01,9.81594,25.709063,17.73904,,20.176825
2014-04-02,10.082506,26.617355,17.783548,,20.328352
2014-04-03,9.957065,26.602686,17.605707000000002,,20.168854
2014-04-04,9.878664,27.012860999999997,17.605707000000002,,20.057199
2014-04-07,10.239313000000001,27.130053000000004,17.383354,,20.543676
2014-04-08,9.894341,26.573427000000002,17.427864000000003,,19.985424
2014-04-09,9.682658,26.295033,17.392239,,20.033274
2014-04-10,9.761061,27.078794,17.072174,,19.977453
2014-04-11,9.870822,28.199469,17.427864000000003,,20.495829
2014-04-14,9.83946,27.869814,17.250021,,20.70318
2014-04-15,9.666977000000001,27.100718,17.250021,,20.894579
2014-04-16,9.862983999999999,28.367921999999997,17.250021,,20.974331
2014-04-17,9.957065,28.148211,17.454512,,21.006229
2014-04-22,10.074669,27.664759000000004,17.33894,,21.093957999999997
2014-04-23,10.035468,27.28384,17.143332,,21.046104
2014-04-24,10.082506,27.540232,16.983255,,21.301306
2014-04-25,10.035468,27.173985,16.983255,,21.014204
2014-04-28,9.988423,27.298513,17.036645999999998,,21.085981
2014-04-29,11.564307000000001,27.862478000000003,17.369843,,21.133829000000002
2014-04-30,11.681911,27.869814,17.369843,,20.854706
2014-05-02,11.65055,28.734493,17.770654999999998,,21.24548
2014-05-05,11.728954,28.675253,17.726164,,21.572454
2014-05-06,11.627028,28.623415,17.548002,,22.330084
2014-05-07,11.642711,28.823328000000004,17.726164,,22.330084
2014-05-08,11.823035,28.519671999999996,17.948818,,22.489586
2014-05-09,11.752471,28.386433,18.625769000000002,,22.529459
2014-05-12,11.783833999999999,28.808575,18.438707,,22.649085999999997
2014-05-13,11.760314,29.119559999999996,19.097862,,22.489586
2014-05-14,11.744631,28.88999,19.160244,,22.728835999999998
2014-05-15,11.815195,28.734493,19.596745000000002,,22.848459
2014-05-16,11.736794,28.216103000000004,19.944166,,22.888334
2014-05-19,11.713272,27.327403999999998,19.961964000000002,,22.968084
2014-05-20,11.60351,27.401397999999997,19.819399,,22.752762
2014-05-21,11.658389999999999,27.275568,19.721418,,22.290209
2014-05-22,11.838716,27.564388,20.095535,,22.481609
2014-05-23,11.752471,27.497728000000002,19.917376,,22.449709
2014-05-26,11.830875,27.593971000000003,19.863985,,22.928210999999997
2014-05-27,11.917116,27.245905,19.374001,,22.266282999999998
2014-05-28,11.995519999999999,27.431061,19.489866,,22.449709
2014-05-29,11.838716,27.801378000000003,19.685823000000003,,22.361985999999998
2014-05-30,11.807355000000001,27.956869,20.264799,,22.728835999999998
2014-06-02,12.128802,28.067945,20.166819,,22.776684
2014-06-03,12.144483000000001,28.238276000000003,20.131132,,23.446587
2014-06-04,12.050400999999999,28.423428,20.113335,,23.685841
2014-06-05,12.168003,28.815994,20.309387,,24.06864
2014-06-06,12.340488,29.223305,20.309387,,24.427515
2014-06-09,12.622736,29.830524,20.48745,,24.842218
2014-06-10,12.810902,29.963848,21.200092,,25.520096
2014-06-11,12.309128,30.067511,21.957224,,25.424395
2014-06-13,12.434571,30.585903000000002,22.313545,,25.839102
2014-06-16,12.379688999999999,30.141588,23.115265,,26.110245000000003
2014-06-17,12.379688999999999,30.363740999999997,23.694239000000003,,25.448322
2014-06-18,12.316968,30.000846999999997,23.159758,,25.799221
2014-06-20,12.191523,29.630616999999997,23.159758,,25.33667
2014-06-23,12.191523,30.015678,22.500602999999998,,24.969818
2014-06-24,12.175844999999999,30.089762,22.358038,,25.926821
2014-06-25,11.815195,29.741691999999997,22.269051,,25.520096
2014-06-26,11.883138,29.275131,22.999392999999998,,25.950748
2014-06-27,11.764700999999999,29.749113,22.598576,,25.671619
2014-06-30,11.938408,29.697193,22.741144,,25.870995999999998
2014-07-01,12.072638000000001,29.371378000000004,22.892519,,26.357473
2014-07-02,12.088429,29.149223,22.349138,,25.918848
2014-07-03,12.388466000000001,29.578699,22.001812,,26.07835
2014-07-04,12.096322,29.660194,22.607479,,26.158094000000002
2014-07-07,12.041053,29.104809000000003,22.17997,,26.07835
2014-07-08,11.693641,29.178804,22.17997,,26.341524
2014-07-10,11.804179,29.401042999999998,22.358038,,26.612677
2014-07-11,11.796285000000001,29.260303000000004,22.269051,,26.49305
2014-07-14,11.914721,29.363970000000002,22.17997,,26.309626
2014-07-15,11.914721,29.215889,21.912729000000002,,26.197973
2014-07-16,11.89893,28.682665000000004,21.73457,,25.751373
2014-07-17,11.9542,28.660415999999998,21.102114,,25.703522
2014-07-18,11.883138,29.312134000000004,21.707876000000002,,26.126198000000002
2014-07-21,11.819972,29.408378999999996,21.467333,,27.027376
2014-07-22,11.891035,29.526873,22.224464,,27.282578000000004
2014-07-23,11.985783999999999,29.341798999999998,22.447115,,27.553726
2014-07-24,12.159491000000001,28.653,22.634268,,27.832853000000004
2014-07-25,12.175282000000001,28.297520000000002,22.153181,,27.960457
2014-07-28,12.017367,27.364401,22.206667000000003,,28.024256
2014-07-29,12.080533,27.62364,22.144282999999998,,27.697281
2014-07-30,12.348989,27.771713000000002,21.912729000000002,,27.099152
2014-07-31,12.033157000000001,27.527308,21.645493,,26.397347999999997
2014-08-01,12.033157000000001,27.319988000000002,22.313545,,27.154974
2014-08-04,12.222656,27.742132,22.393724,,27.274603000000003
2014-08-05,11.804179,27.601389,22.482805,,26.668501000000003
2014-08-06,11.89893,27.408817,22.536198000000002,,25.839102
2014-08-07,11.741014,27.245905,22.491701000000003,,25.751373
2014-08-08,11.985783999999999,27.179243,21.73457,,25.607822
2014-08-11,11.906827,27.408817,21.556411999999998,,26.269751
2014-08-12,11.906827,27.453312,21.467333,,26.716347
2014-08-13,11.89893,27.290319,21.502926000000002,,26.91573
2014-08-14,11.969991,27.031168,21.37825,,26.995473999999998
2014-08-15,12.041053,27.179243,22.985157,,27.290556
2014-08-18,12.072638000000001,27.845793,23.056798999999998,,27.378281
2014-08-19,11.969991,28.527088,23.164455,,27.960756
2014-08-20,11.946304,29.215889,23.227142,,27.352028000000004
2014-08-21,12.183178,29.089975,23.038889,,27.473771999999997
2014-08-22,12.064739,29.549120000000002,22.859589,,27.392614000000002
2014-08-25,12.325301,30.304491,23.092717999999998,,28.17178
2014-08-26,12.277925,31.193203000000004,23.083761,,28.650641999999998
2014-08-27,12.372677000000001,32.548466,23.442358,,28.488317
2014-08-28,12.238449000000001,32.918774,23.630615,,28.325989
2014-08-29,12.214761,34.577686,23.989119,,28.967176000000002
2014-09-01,12.198969,33.474163,24.82283,,28.472082
2014-09-02,12.270031,33.466831,24.885610999999997,,28.114965
2014-09-03,12.388466000000001,33.718575,24.240156,,28.407154
2014-09-04,12.467425,33.215012,24.016079,,28.748034999999998
2014-09-05,12.522696,32.481796,24.65258,,28.488317
2014-09-08,12.388466000000001,31.918995000000002,24.428410999999997,,27.903941999999997
2014-09-09,12.475321000000001,31.622759000000002,24.096771,,27.603634000000003
2014-09-10,12.459529,31.326525,23.863647,,27.514359000000002
2014-09-11,12.262136,31.208035,24.35667,,27.717266
2014-09-12,12.546384,30.363740999999997,24.132593,,26.548512
2014-09-15,12.593755999999999,30.437826,23.989119,,26.483583000000003
2014-09-16,12.475321000000001,30.956211,23.720171,,26.986795
2014-09-17,12.633235,31.615345,24.500149,,26.800119
2014-09-18,12.909589,31.074701,23.514004,,26.150812
2014-09-19,12.767465,30.467405,23.038889,,26.296909000000003
2014-09-22,12.85432,29.660194,21.828667000000003,,25.744995
2014-09-23,12.712194,29.423208000000002,21.873541,,25.566437
2014-09-24,12.672715,29.349128999999998,22.169355,,25.964134
2014-09-25,12.680613000000001,28.645582,21.945278,,25.964134
2014-09-26,12.814003,29.874937,22.384473999999997,,25.322948
2014-09-29,12.552489999999999,29.104809000000003,22.232135999999997,,25.809927
2014-09-30,12.544567,29.134392,22.590639000000003,,26.134581
2014-10-01,12.67136,27.845793,21.694241,,25.736879000000002
2014-10-02,12.441547,27.460729999999998,22.205177,,25.647602
2014-10-03,12.40985,27.956869,22.599598,,25.728765
2014-10-06,12.441547,30.106756,22.823769,,26.012835
2014-10-07,12.053246000000001,30.165090999999997,22.850634,,25.980370999999998
2014-10-08,12.124564999999999,29.665115000000004,22.805854999999998,,25.655716
2014-10-09,11.688715,29.506788,22.904463,,25.631369
2014-10-10,11.490602,29.206803999999998,22.447257999999998,,24.714226
2014-10-13,11.728337,30.998372999999997,22.052837,,25.282364
2014-10-14,11.815508,31.273363,22.097616,,25.331062
2014-10-15,11.609469,30.717575,21.927270999999998,,24.78727
2014-10-16,11.419279,29.623526000000002,21.936321,,24.137961999999998
2014-10-17,11.807580999999999,29.817083,22.052837,,24.673639
2014-10-20,11.870979,29.185904999999998,21.263903,,24.146079999999998
2014-10-21,12.164189,27.02305,20.618444,,23.821426000000002
2014-10-22,12.069094999999999,26.854734000000004,19.85647,,23.83766
2014-10-23,12.354379,25.836428,18.960073,,23.253283
2014-10-24,12.362302,26.467607,19.65926,,23.326332
2014-10-27,11.966075,25.937414,21.694241,,24.024335999999998
2014-10-28,11.926451,27.199781,23.307835,,24.876549
2014-10-29,11.102297,26.534937,22.769941,,25.160622
2014-10-30,11.308337,27.477503000000002,23.128538,,25.939789
2014-10-31,10.579279,29.110165000000002,24.168417,,26.832586
2014-11-03,9.739275,28.546303,23.666437,,26.629677
2014-11-04,11.133997,28.824026,23.532009,,26.743303000000004
2014-11-05,10.89626,28.327494,23.65748,,26.475468
2014-11-06,11.17362,26.644340999999997,23.307835,,25.420343
2014-11-07,11.292486,26.551765000000003,23.307835,,25.655716
2014-11-10,11.133997,26.425531,23.307835,,26.053413
2014-11-11,11.126072,25.668110000000002,23.128538,,25.931673
2014-11-12,11.252864,26.358203999999997,23.433310000000002,,26.223862
2014-11-13,11.244941,25.331482,23.17341,,25.40411
2014-11-14,11.070601,25.196829,22.81481,,25.160622
2014-11-17,11.078525,25.264153,22.023160999999998,,25.306715
2014-11-18,11.221167999999999,25.188412,22.077019,,26.223862
2014-11-19,11.688715,25.929001,22.688066,,27.019258
2014-11-21,11.9423,27.435425,23.910078,,28.204247
2014-11-24,11.855132000000001,27.687896999999996,23.811241,,27.108543
2014-11-25,12.219661,27.225029,23.361954,,27.189701
2014-11-26,11.88683,28.361158000000003,23.272099,,27.108543
2014-11-27,11.791735000000001,27.50275,23.676504,,27.173471000000003
2014-11-28,11.498526,26.762161,25.114132,,27.205935999999998
2014-12-01,11.371734,26.004742,23.999933,,25.939789
2014-12-02,11.363807000000001,26.762161,24.440247,,26.037188
2014-12-03,11.498526,26.593845,24.691772,,25.696297
2014-12-04,11.221167999999999,26.088898,25.195010999999997,,25.720648
2014-12-05,11.34796,26.173056,25.796993,,25.972254
2014-12-08,10.991356,25.036928,25.473562,,25.598906
2014-12-09,10.983429,24.321589000000003,25.482538,,25.744995
2014-12-10,10.737769,23.732485,25.563420999999998,,25.688183
2014-12-11,10.690222,23.867136,25.203989,,25.850507999999998
2014-12-12,10.563429,22.932985000000002,24.619867000000003,,25.40411
2014-12-15,10.087955000000001,21.763191,24.494106,,24.973944
2014-12-16,9.905691000000001,22.385958,23.793293,,24.478848
2014-12-17,10.262296000000001,23.471595999999998,25.141061999999998,,25.22555
2014-12-18,10.381166,23.227536999999998,24.889441,,25.168737
2014-12-19,10.523805,23.437931,25.635231,,25.201202
2014-12-22,10.523805,23.353775,25.976713,,25.282364
2014-12-23,10.444560000000001,23.850304,26.726146999999997,,25.550207
2014-12-26,10.555503999999999,23.858721,27.014296,,26.556631
2014-12-29,10.706071000000001,24.153271,27.554605,,26.240092999999998
2014-12-30,10.523805,24.279507000000002,26.645088,,25.866741
2015-01-02,10.220956,23.395851,24.673042000000002,,24.633062
2015-01-05,10.148636,22.007248,22.511992000000003,,23.894476
2015-01-06,10.220956,21.140425,19.414343,,24.909016
2015-01-07,10.646827,21.451807000000002,19.18017,,24.511314000000002
2015-01-08,10.470048,21.712695999999998,19.495302,,24.438269000000002
2015-01-09,10.365589,21.039436,18.306734,,23.642866
2015-01-12,10.15667,19.726576,16.118601,,24.186660999999997
2015-01-13,10.132563000000001,20.871119,16.388662,,23.683449
2015-01-14,10.269167,21.106762,16.874996,,23.277632
2015-01-15,10.606649,22.200810999999998,15.947491000000001,,23.740263
2015-01-16,10.566472000000001,21.822101999999997,16.361673,,24.592476
2015-01-19,10.269167,20.702803,15.794374,,24.024335999999998
2015-01-20,10.526297,21.62854,15.803370999999999,,23.675333
2015-01-21,10.638791000000001,21.721110999999997,16.334685999999998,,24.633062
2015-01-22,10.598614,22.857241000000002,13.939367,,24.689873000000002
2015-01-23,10.574508999999999,22.975061,13.822329000000002,,24.470732
2015-01-26,10.847711,22.848824,14.047504,,24.324638
2015-01-27,10.646827,22.301802,14.407617000000002,,24.008101
2015-01-28,10.638791000000001,21.704283,14.047504,,23.464306
2015-01-29,10.767356,21.914676999999998,13.687299,,23.959404
2015-01-30,9.987928,20.643894,12.282547000000001,,24.178545
2015-02-02,10.12453,21.064682,12.966885000000001,,24.332756
2015-02-03,10.421837,21.535967000000003,11.616202000000001,,24.560013
2015-02-04,10.735214,21.401314000000003,11.77822,,24.503199
2015-02-05,10.687002,22.158731,12.939897,,24.462616
2015-02-06,10.582543,21.249828,12.588686000000001,,23.805195
2015-02-09,10.751286,21.796851999999998,12.606677000000001,,24.389568
2015-02-10,10.405766,22.175564,11.526152,,23.788960999999997
2015-02-11,10.590579,22.318632,10.436534,,23.935055
2015-02-12,11.008417999999999,23.480009,11.625198,,24.551897
2015-02-13,11.466431,23.421098999999998,12.426574,,24.98937
2015-02-18,11.370007000000001,23.564167,12.156417999999999,,25.239351
2015-02-19,11.426254,23.227536999999998,12.50763,,26.330915
2015-02-20,11.249476,23.395851,12.17441,,26.530895
2015-02-23,11.26555,22.848824,12.912814,,26.664216999999997
2015-02-24,11.482502,23.143381,13.191966,,27.2225
2015-02-25,11.370007000000001,23.017143,13.804337,,27.41415
2015-02-26,11.635174000000001,23.631493,12.138425999999999,,27.54747
2015-02-27,11.378042,23.808226,9.635159,,26.797537
2015-03-02,10.984311,23.572584,9.491037,,27.164169
2015-03-03,11.145017999999999,23.320111999999998,9.779185,,27.297493
2015-03-04,11.289655999999999,22.781502,10.490602,,26.464235
2015-03-05,11.370007000000001,22.680513,10.40055,,26.264253999999998
2015-03-06,11.257512,22.453285,10.679701,,25.372671
2015-03-09,11.088771000000001,22.217642,9.851244,,24.872717
2015-03-10,10.791463,22.200810999999998,9.572094,,24.956041
2015-03-11,10.928064,22.40279,9.400986999999999,,25.447664000000003
2015-03-12,10.687002,22.192396,9.680137,,24.856049
2015-03-13,10.807533,21.535967000000003,9.545108,,24.597742
2015-03-16,10.775391,21.737946,9.635159,,25.081028
2015-03-17,11.2093,22.293383,9.617072,,26.280921999999997
2015-03-18,11.691422,23.564167,10.157382,,27.2225
2015-03-19,11.546785,23.042391000000002,10.085321,,27.264162
2015-03-20,11.619102999999999,23.49684,10.175375,,27.247497999999997
2015-03-23,11.554821,23.480009,10.535581,,27.330820000000003
2015-03-24,11.691422,23.606245,10.355477,,27.380816999999997
2015-03-25,11.490538,24.49832,10.355477,,27.297493
2015-03-26,11.169124,24.001787,10.238439999999999,,26.430903999999998
2015-03-27,10.984311,22.975061,10.184369,,26.564228000000004
2015-03-30,11.548257000000001,23.320111999999998,10.472516,,27.372486
2015-03-31,11.250082,23.471595999999998,11.291978,,27.389151000000002
2015-04-01,11.765844,24.388912,11.66118,,27.87244
2015-04-02,11.943139,24.405745,12.171611,,28.722363
2015-04-06,12.289665,24.229013000000002,12.622433000000001,,29.988914
2015-04-07,12.080138,24.666632,12.442103999999999,,28.997336999999998
2015-04-08,12.386371,24.877029,11.874098,,28.16408
2015-04-09,12.015667,24.523564999999998,12.099556,,28.289070000000002
2015-04-10,12.241314,24.742373999999998,12.658461,,29.505622999999996
2015-04-13,12.088198,24.910692,13.037131,,29.430629999999997
2015-04-14,12.192961,24.57406,12.712596000000001,,29.080662
2015-04-15,12.257432000000001,25.079004,12.95607,,30.005575
2015-04-16,12.289665,24.632970999999998,13.253582999999999,,30.155563
2015-04-17,12.015667,24.321589000000003,13.145404000000001,,29.497288
2015-04-20,11.79808,24.212185,13.388782,,29.180651
2015-04-22,12.144608,25.112669,13.163418,,29.572289
2015-04-23,12.370255,25.280987,13.605232,,30.413876000000002
2015-04-24,12.346078,24.792868,13.36176,,30.072237
2015-04-27,12.233255,24.380497000000002,13.524075,,28.730697999999997
2015-04-28,12.974665,24.767623999999998,13.587125,,29.188986
2015-04-29,13.087487,24.321589000000003,13.524075,,28.880678000000003
2015-04-30,12.982722,24.826532,13.073253999999999,,29.322304
2015-05-04,13.200307999999998,24.671743,13.614239999999999,,29.255646000000002
2015-05-05,13.780543,23.685213,12.847892,,29.280645
2015-05-06,13.853073,24.195488,12.442103999999999,,29.955584
2015-05-07,13.756366,23.413067,12.568391,,30.197228999999997
2015-05-08,13.877248999999999,23.591661,13.36176,,31.147139000000003
2015-05-11,13.804719,22.775225,12.649453999999999,,31.088815999999998
2015-05-12,13.651603,23.047371,12.757728,,30.630518
2015-05-13,13.941720000000002,23.345028,13.109282,,30.272219
2015-05-14,14.102896,23.608670999999998,13.478945999999999,,30.23889
2015-05-15,14.272131,23.566149,14.245295,,30.580524
2015-05-18,13.909485,23.515123000000003,13.56911,,29.938917
2015-05-19,13.65966,23.259985,12.965075,,29.355636999999998
2015-05-20,13.458192000000002,23.685213,13.118289,,28.947344
2015-05-21,13.538779000000002,23.8468,13.56911,,29.322304
2015-05-22,13.377604000000002,23.685213,12.622433000000001,,28.16408
2015-05-25,13.60325,23.472599,12.496241,,28.555712
2015-05-26,13.095547,22.76672,11.946247999999999,,28.397394
2015-05-27,13.160016,22.826252,12.595411,,28.330732
2015-05-28,13.006899,22.060843,12.135583,,28.57238
2015-05-29,12.700666,21.397484,12.306905,,27.772451
2015-06-01,12.652311,21.363466,11.901213,,27.997427000000002
2015-06-02,13.031075,21.992801999999998,12.081447,,28.872349
2015-06-03,12.781253,22.213923,12.000383,,28.530714
2015-06-05,12.902137,21.899252,11.928233,,28.255739000000002
2015-06-08,12.571724,21.958784,12.072439,,28.830685
2015-06-09,12.531429,22.332989,12.757728,,27.980764
2015-06-10,12.966605,22.707188000000002,13.05524,,28.280734999999996
2015-06-11,13.063309,22.707188000000002,13.298617000000002,,27.972431
2015-06-12,13.13584,22.452051,13.145404000000001,,27.522470000000002
2015-06-15,13.039133999999999,21.933273,13.21746,,27.330820000000003
2015-06-16,13.474309,21.388979,13.36176,,27.830779999999997
2015-06-17,13.184192999999999,21.431504999999998,13.091269,,27.747452000000003
2015-06-18,13.256723000000001,22.11187,12.992097,,28.422386
2015-06-19,13.143899,21.584583,13.05524,,28.214077000000003
2015-06-22,13.313132000000001,21.958784,13.073253999999999,,28.497383000000003
2015-06-23,13.361485,22.367006,12.974083,,28.664034
2015-06-24,13.683836999999999,22.256445000000003,12.811767999999999,,28.672369
2015-06-25,13.361485,21.958784,12.676568,,29.530619
2015-06-26,13.643544,22.11187,12.622433000000001,,29.039
2015-06-29,13.361485,21.457016,12.306905,,28.980666999999997
2015-06-30,13.53072,21.388979,12.965075,,28.347399
2015-07-01,13.434014000000001,21.116833,13.010112,,28.555712
2015-07-02,13.538779000000002,20.496,13.091269,,28.697365
2015-07-03,13.353428,20.232360999999997,13.064247,,28.2974
2015-07-06,13.458192000000002,19.560499,13.208453,,28.272403999999998
2015-07-07,13.619369,19.398914,12.892925,,28.16408
2015-07-08,13.184192999999999,19.288353,12.721603,,27.580799
2015-07-10,13.458192000000002,19.917692000000002,12.874912,,28.039091
2015-07-13,13.756366,20.053760999999998,13.127391000000001,,28.280734999999996
2015-07-14,14.102896,20.283388000000002,13.181432000000001,,28.16408
2015-07-15,14.151248,19.662554,13.163418,,28.289070000000002
2015-07-16,13.861132000000001,19.347885,13.253582999999999,,27.972431
2015-07-17,13.756366,18.922657,12.694583,,27.54747
2015-07-20,14.014248,18.539948000000003,11.865089999999999,,27.172503999999996
2015-07-21,13.345369,18.080706,11.315097999999999,,27.372486
2015-07-22,13.216427,18.038179,11.495425,,26.830868
2015-07-23,12.587844,17.612955,11.125763000000001,,25.322672
2015-07-24,12.894077000000001,17.561926,10.891392,,25.356007
2015-07-27,12.724842,17.774542,10.611892,,25.281012
2015-07-28,13.079429,17.561926,10.702055999999999,,25.797628
2015-07-29,12.974665,17.425852,10.36842,,26.239254
2015-07-30,12.579783,17.442861999999998,9.845543,,26.647552
2015-07-31,12.853782,17.689493,9.782399,,26.839201
2015-08-03,13.176132999999998,17.340809,9.722121000000001,,26.680883
2015-08-04,12.894077000000001,17.221745000000002,10.083891,,26.214256
2015-08-05,13.014958,17.017633,10.526973,,25.672642
2015-08-06,13.200307999999998,17.391834,10.30995,,24.997705
2015-08-07,12.410547,17.00913,10.174333,,25.097694
2015-08-10,12.523371000000001,17.340809,9.948179,,26.564228000000004
2015-08-11,12.563665,17.561926,9.767389999999999,,27.405815000000004
2015-08-12,12.442784,17.434359,9.91204,,25.880955
2015-08-13,11.757786999999999,17.179223999999998,10.364253,,26.150063
2015-08-14,11.66108,17.179223999999998,9.948179,,25.87561
2015-08-17,11.540198,16.5839,10.138099,,25.969954
2015-08-18,11.653022,16.243719,9.875902,,26.759005
2015-08-19,11.459611,16.0226,9.541236999999999,,26.55316
2015-08-20,11.451552000000001,15.291205,9.496025,,25.815576999999998
2015-08-21,11.201728999999998,15.486813,9.179496,,25.489662
2015-08-24,11.242023,15.180648999999999,8.998611,,24.87215
2015-08-25,11.088906,15.461301999999998,9.315151,,24.614853
2015-08-26,11.927019,15.963068,9.152364,,25.412474
2015-08-27,12.209079,16.422316,9.269928,,25.944225
2015-08-28,11.878667,16.243719,8.9534,,25.472509
2015-08-31,11.628843,15.435785999999998,8.772515,,24.614853
2015-09-01,11.475726,15.010554999999998,8.392676,,23.817225
2015-09-02,12.249372,15.053081,8.238934,,23.628542000000003
2015-09-03,12.547547,15.818489000000001,8.238934,,24.417589000000003
2015-09-04,11.846433,16.439325,8.157535000000001,,23.474163
2015-09-08,11.556316,16.830536,8.139447,,22.813766
2015-09-09,11.564375,16.031103,8.347455,,22.256287
2015-09-10,11.863484,16.099138,8.003794000000001,,21.853184
2015-09-11,11.556007000000001,16.379791,7.50638,,23.113947
2015-09-14,12.017222,17.142479,7.614910000000001,,23.971605
2015-09-15,12.136797999999999,16.734942999999998,7.578733000000001,,23.834381
2015-09-16,12.469897999999999,17.350582,8.030927,,24.606276
2015-09-17,12.444274,17.411279999999998,8.049014,,24.117407
2015-09-18,11.795156,16.934378,7.913351,,22.993873999999998
2015-09-21,11.573089999999999,16.726274,7.289328,,22.470701000000002
2015-09-22,11.632875,16.87368,6.647216,,21.921799
2015-09-23,11.205825,16.206017000000003,7.280283,,21.364319000000002
2015-09-24,11.351021000000001,16.301397,7.207939,,21.570156
2015-09-25,11.16312,16.570196,6.981843,,21.441507
2015-09-28,10.923971,16.41412,7.542557,,20.909758
2015-09-29,10.838562,16.474817,7.415947,,20.583849
2015-09-30,10.770232,17.454632,7.750564,,21.278553
2015-10-01,11.026463,17.732107,7.732475,,21.49297
2015-10-02,11.487679,18.495148,8.058059,,22.873801999999998
2015-10-05,11.81224,18.399769,8.139447,,23.122522
2015-10-06,11.906189,19.292875,7.596822,,23.139675
2015-10-07,12.956737,20.081934,8.03997,,24.271786
2015-10-08,12.965278,19.553005,8.510251,,24.237479999999998
2015-10-09,13.238591,20.290036999999998,8.058059,,25.120870999999998
2015-10-13,12.059928,19.466299,7.777697,,24.743502
2015-10-14,11.880567,19.553005,7.596822,,24.186022
2015-10-15,12.00014,19.249520999999998,7.913351,,24.194597
2015-10-16,12.299078,19.561676000000002,7.723431,,24.614853
2015-10-19,12.299078,19.769779,8.049014,,25.009373
2015-10-20,12.034303999999999,20.255354,8.112314999999999,,24.409012
2015-10-21,12.085549,19.977884,8.220844999999999,,24.391859
2015-10-22,12.153880000000001,20.740927,8.627817,,24.494778
2015-10-23,12.393027,20.532822,8.510251,,24.400436
2015-10-26,12.264911,20.41143,8.59164,,24.254635
2015-10-27,12.059928,20.558836,8.682082000000001,,23.70573
2015-10-28,12.281995,20.680231,8.446941,,24.057371
2015-10-29,11.675582,20.333391,8.184669,,22.788035999999998
2015-10-30,11.81224,21.425929999999997,8.492163,,22.813766
2015-11-03,12.598013,22.041569,8.564508,,24.194597
2015-11-04,13.059227,21.894163,8.682082000000001,,24.143139
2015-11-05,13.230048000000002,22.42309,8.709216,,25.04368
2015-11-06,12.615094000000001,21.980873000000003,8.229889,,24.477627
2015-11-09,12.384488000000001,21.677391,8.492163,,23.585659
2015-11-10,12.512601,22.006885999999998,8.365542999999999,,24.048798
2015-11-11,13.00798,22.327710999999997,8.058059,,23.894417
2015-11-12,12.871325,22.978031,8.067102,,23.980183
2015-11-13,12.555308,22.371064999999998,7.50638,,23.577082
2015-11-16,12.691962,22.197647,7.560645,,24.117407
2015-11-17,12.939653,22.197647,7.642042999999999,,24.186022
2015-11-18,12.939653,22.214991,7.9585729999999995,,24.417589000000003
2015-11-19,13.571692,22.544485,8.16658,,25.04368
2015-11-23,13.452115,22.605180999999998,8.392676,,24.443319
2015-11-24,13.409410999999999,22.717905,8.238934,,24.674887
2015-11-25,13.00798,21.764098999999998,8.238934,,24.01449
2015-11-26,13.247132,22.0329,8.148491,,24.400436
2015-11-27,12.495522,21.816124,7.687255,,23.242596
2015-11-30,12.640718,20.897005,7.822918,,22.273439
2015-12-01,12.555308,21.460619,7.642042999999999,,22.890953
2015-12-02,12.700503999999999,21.495302,7.551601,,22.384935000000002
2015-12-03,13.238591,22.041569,7.542557,,24.271786
2015-12-04,13.136098,21.590681,7.334549000000001,,23.088217
2015-12-07,13.417951,21.764098999999998,7.4973350000000005,,23.628542000000003
2015-12-08,13.187342999999998,21.157131,7.226027,,22.727999
2015-12-09,13.494822000000001,22.223658,7.316461,,24.443319
2015-12-10,13.247132,21.963528,7.596822,,24.057371
2015-12-11,13.358165,21.677391,7.434035000000001,,24.100254
2015-12-14,13.520444,21.642706,7.343592999999999,,23.791498
2015-12-15,13.614395000000002,21.634035,7.1265410000000005,,22.925261
2015-12-16,13.622936,21.720743,6.981843,,23.199709
2015-12-17,13.99874,21.928848000000002,7.072276,,23.362667000000002
2015-12-18,13.315458999999999,21.183144,6.629128,,21.655922
2015-12-21,13.16172,21.157131,7.008976,,21.124174
2015-12-22,13.238591,21.330551,7.235072,,20.978371
2015-12-23,13.580231,21.486628,7.235072,,21.295706
2015-12-28,13.827921,21.946188,7.343592999999999,,20.892605
2015-12-29,13.72543,22.041569,6.936622,,20.669613000000002
2015-12-30,13.699806,21.850811,6.963755,,20.866875
2016-01-04,13.167957000000001,20.810292999999998,6.828091000000001,,19.580385
2016-01-05,12.970213000000001,20.914347,6.828091000000001,,20.832569
2016-01-06,12.673594999999999,20.51548,6.810002000000001,,20.669613000000002
2016-01-07,12.32305,20.290036999999998,7.479247,,19.854837
2016-01-08,12.32305,20.290036999999998,6.918533,,20.232206
2016-01-11,12.350014999999999,20.324720000000003,6.692436,,19.597538
2016-01-12,12.502817,19.24085,6.502517,,19.923448999999998
2016-01-13,12.385969000000001,19.943199,6.5115620000000005,,19.760496
2016-01-14,12.116317,20.047251,6.502517,,20.412315
2016-01-15,11.729819,19.769779,6.502517,,19.554653
2016-01-18,11.684877,19.266863,6.484429,,19.082943
2016-01-19,11.945538,19.162813,6.258333,,19.460314
2016-01-20,11.792736,19.613703,5.896583000000001,,19.67473
2016-01-21,11.78375,19.596359,5.625265,,18.628382000000002
2016-01-22,11.738807000000001,20.333391,5.4263010000000005,,18.851372
2016-01-26,11.352305,20.376745,6.077457,,18.010866
2016-01-27,11.415225,20.810292999999998,6.0141480000000005,,18.062326000000002
2016-01-28,11.469154,21.31321,6.4572959999999995,,18.654114
2016-01-29,11.729819,21.798784,6.828091000000001,,19.837683
2016-02-01,11.909585,21.772772,6.864267999999999,,20.155018
2016-02-02,11.217481,21.330551,6.873311999999999,,19.297356
2016-02-03,11.433202,20.79295,7.280283,,19.786224
2016-02-04,12.017446000000001,20.86232,7.868139,,20.103559
2016-02-05,12.170247999999999,20.272696,7.868139,,20.583849
2016-02-10,12.224178,20.446112,7.669175999999999,,20.583849
2016-02-11,11.882621,19.856489,7.036098,,19.811953
2016-02-12,12.044411,20.420101000000003,7.280283,,19.811953
2016-02-15,12.21519,21.079094,7.777697,,20.163593
2016-02-16,12.466864,21.252514,7.470203,,20.326551000000002
2016-02-17,12.628654,21.157131,7.235072,,21.278553
2016-02-18,12.574724,21.157131,7.090364,,20.62673
2016-02-19,12.49383,21.42695,7.1265410000000005,,20.763954000000002
2016-02-22,13.033131,22.185822,7.669175999999999,,21.655922
2016-02-23,12.754491,22.426873999999998,7.08132,,21.467237
2016-02-24,12.673594999999999,23.150032,7.488291,,20.764248000000002
2016-02-25,12.790445,23.239313,7.054187,,20.941719
2016-02-26,12.718539,23.24824,6.819046000000001,,20.941719
2016-02-29,13.437607,23.88212,7.723431,,21.403151
2016-03-01,14.057804999999998,24.462435,8.365542999999999,,22.574465
2016-03-02,14.633060999999998,24.667773999999998,8.971478,,23.062510999999997
2016-03-03,15.864467999999999,25.123098000000002,8.9534,,23.87001
2016-03-04,15.747619,25.462358,8.862958,,24.961464000000003
2016-03-07,15.639755,25.149879000000002,8.772515,,24.92597
2016-03-08,15.486954999999998,25.105244,9.179496,,26.221515999999998
2016-03-09,15.23528,25.301655,9.676948,,26.434486
2016-03-10,15.100456,25.65877,9.315151,,28.333439000000002
2016-03-11,14.920689000000001,25.6677,9.269928,,27.854260999999997
2016-03-14,14.938665,25.739124,9.025742999999999,,27.188740000000003
2016-03-15,14.30049,25.453429999999997,8.410765,,24.491163
2016-03-16,14.722942999999999,25.631989,8.555464,,24.650888000000002
2016-03-17,16.008282,27.051523,9.034787,,27.339594
2016-03-18,15.370104999999999,27.149728999999997,9.396548,,27.321846
2016-03-21,15.594814000000001,27.364,9.658957000000001,,27.375088
2016-03-22,15.729641,28.069305,9.723467,,25.866573000000002
2016-03-23,15.370104999999999,28.122873,9.585222,,25.609238
2016-03-24,15.244267,27.676476,9.972354,,25.325283
2016-03-28,15.648746,28.230007,9.86177,,26.656323999999998
2016-03-29,15.729641,28.372853999999997,9.585222,,27.28635
2016-03-30,15.909410000000001,28.337142999999998,9.843259,,26.904784999999997
2016-03-31,15.253256,28.024664,9.843259,,26.372367999999998
2016-04-01,15.585826999999998,28.435349,10.138182,,26.088413
2016-04-04,14.965629999999999,26.212303,9.7696,,25.227673
2016-04-05,15.262244,26.310509000000003,9.732675,,25.343029
2016-04-06,15.163375,25.971249,9.852466,,25.165557999999997
2016-04-07,15.118432,26.426571000000003,9.797222,,25.813332
2016-04-08,15.163375,26.881895,10.2949,,27.401709000000004
2016-04-11,14.902710999999998,26.605127000000003,9.86177,,27.179866999999998
2016-04-12,15.504931,27.015812,10.359447,,28.342309999999998
2016-04-13,15.226293,27.935387,11.059878,,28.502035
2016-04-14,15.037535,27.944311,11.059878,,28.7505
2016-04-15,15.280223000000001,28.372853999999997,11.797236,,29.504753000000004
2016-04-18,15.594814000000001,28.30143,11.511519,,29.593489
2016-04-19,15.594814000000001,29.14958,11.631311,,29.806456
2016-04-20,15.657735999999998,28.881740999999998,11.640519,,29.779837
2016-04-22,15.531898000000002,28.756752000000002,11.244218,,29.948434999999996
2016-04-25,15.468979000000001,27.837179,10.728029,,27.73003
2016-04-26,15.639755,27.337217,11.225802999999999,,27.854260999999997
2016-04-27,16.008282,29.104940000000003,11.345595,,27.783274
2016-04-28,16.268942000000003,28.658545,11.069085000000001,,26.576464
2016-04-29,16.682407,28.426417999999998,10.552995,,26.620828999999997
2016-05-02,16.412758,28.069305,11.013746000000001,,26.186024
2016-05-03,16.179057999999998,27.828253000000004,11.299461,,25.192176999999997
2016-05-04,16.565559,28.194296,11.354802000000001,,25.218801000000003
2016-05-05,16.331861,27.91753,10.737333,,24.730751
2016-05-06,16.412758,28.230007,12.497667999999999,,24.48229
2016-05-09,16.556572,27.7479,12.875554,,24.535529999999998
2016-05-10,17.068907,28.185364,13.520741000000001,,25.343029
2016-05-11,17.077896,28.747823999999998,13.170478,,25.005835
2016-05-12,17.167784,29.890594,13.5944,,25.067949
2016-05-13,16.34984,30.595901,13.188892000000001,,24.846107
2016-05-16,16.313882999999997,31.138002,12.442327,,23.949875
2016-05-17,16.053226000000002,32.14098,12.442327,,23.213364000000002
2016-05-18,16.116139999999998,31.384182,12.304121,,24.003115
2016-05-19,16.044231,30.572681,11.935443,,24.588774
2016-05-20,15.882444,30.818866999999997,11.207389,,24.136219
2016-05-23,16.206022,30.818866999999997,10.414691,,23.736906
2016-05-24,16.143106,30.508854,11.336389,,24.207210999999997
2016-05-25,16.089174,30.627391999999997,11.078294,,24.508910999999998
2016-05-27,15.999292,30.089428,11.382424,,24.491163
2016-05-30,15.936373000000001,29.980013,10.728029,,24.31369
2016-05-31,15.621779,29.934423,10.470032000000002,,24.189463
2016-06-01,15.882444,30.353851000000002,10.525276,,24.056358
2016-06-02,16.170073000000002,30.527092,10.940087,,24.402428
2016-06-03,16.358826,30.645628000000002,11.32718,,24.491163
2016-06-06,16.179057999999998,31.00123,11.446972,,24.287070999999997
2016-06-07,16.152092,30.855340999999996,11.797236,,23.861135
2016-06-08,16.547581,31.329479,12.718836999999999,,24.198335999999998
2016-06-09,16.529604,30.837103000000003,12.027613,,24.535529999999998
2016-06-10,15.873453,29.916187,11.981575999999999,,23.736906
2016-06-13,16.12513,30.1259,11.990783,,23.736906
2016-06-14,15.468979000000001,29.086445,11.806443,,23.293226
2016-06-15,15.397070000000001,29.332629999999998,11.483801,,23.941
2016-06-16,15.684703,29.359987,11.788030000000001,,24.189463
2016-06-17,15.819525,29.852359999999997,12.073744999999999,,24.09185
2016-06-20,16.062212,30.399440999999996,11.539142,,24.677509
2016-06-21,16.116139999999998,30.672978999999998,11.926235,,24.775118
2016-06-22,15.90042,29.815889000000002,11.391632000000001,,24.118471
2016-06-23,16.502642,30.034719,11.843272,,24.695255
2016-06-24,15.810535999999999,28.949677,11.493008999999999,,23.719158
2016-06-27,15.433024,29.606174,11.290255,,24.180588
2016-06-28,15.603806,30.408558000000003,11.336389,,24.473417
2016-06-29,16.062212,30.135016999999998,11.60369,,24.854982
2016-06-30,16.340851,30.372089000000003,11.493008999999999,,24.943718
2016-07-01,16.475673999999998,30.718569,11.520727,,24.491163
2016-07-04,16.709373,30.937401,12.073744999999999,,24.535529999999998
2016-07-05,16.188049,30.736805,12.119782,,23.861135
2016-07-06,16.241982,31.26565,12.230366,,23.719158
2016-07-07,16.507475,31.183591999999997,12.257989,,23.497318
2016-07-08,16.969286,31.457129,12.101367,,24.624268
2016-07-11,17.340544,31.685078000000004,12.377877,,24.491163
2016-07-12,16.887789,31.557428,12.442327,,24.934845000000003
2016-07-13,17.132278,31.365952000000004,12.580631,,25.014706
2016-07-14,17.467318,31.821854,13.658948,,25.768964999999998
2016-07-15,17.385822,30.837103000000003,13.907835,,25.92869
2016-07-18,17.702747,31.311239,13.963078,,26.487726000000002
2016-07-19,17.603144,31.457129,14.129004,,26.345748999999998
2016-07-20,17.748026,31.593901000000002,14.092078,,26.682945
2016-07-21,17.621254,31.210943,14.442342000000002,,26.328003000000002
2016-07-22,18.019678,31.092405,14.654304000000002,,26.354621999999996
2016-07-25,18.074007,30.590919,14.331757999999999,,26.044044
2016-07-26,18.282276,31.183591999999997,14.304135999999998,,26.106158999999998
2016-07-27,18.218891,31.010344,14.285720999999999,,25.777835999999997
2016-07-28,17.992514,31.128881,13.944663,,26.052920999999998
2016-07-29,18.454323000000002,31.046814,14.405513000000001,,26.74506
2016-08-01,18.409046,30.755045000000003,15.022982,,26.74506
2016-08-02,18.200785,30.089428,14.930813,,26.443357000000002
2016-08-03,18.463379,29.770297999999997,15.069115,,26.532095
2016-08-04,18.852749,29.405579,14.930813,,26.922533
2016-08-05,18.807472,30.846224,15.447001,,26.869290999999997
2016-08-08,18.916134,30.545326,15.299491,,26.594209999999997
2016-08-09,19.242119,30.919168,15.336321,,26.434486
2016-08-10,19.169678,31.138002,15.668169,,26.514345000000002
2016-08-11,19.912195,31.046814,15.575999,,27.188740000000003
2016-08-12,19.921253,31.055937,15.336321,,27.194305
2016-08-15,20.310623,31.256531,15.529866,,27.194305
2016-08-16,20.07519,31.913027000000003,15.059907999999998,,26.957119
2016-08-17,20.473616,32.943363,14.746472,,26.865894
2016-08-18,20.527946,33.043667,14.792606,,26.500992
2016-08-19,20.709049,32.660706,16.129019,,26.272928000000004
2016-08-22,20.283457000000002,32.04068,15.575999,,25.762066
2016-08-23,20.147629000000002,32.131863,15.769547,,25.752943
2016-08-24,20.328733,32.688061,14.930813,,26.090479000000002
2016-08-25,20.364952,32.925129,14.516097,,26.473625
2016-08-26,20.419285000000002,33.016308,14.350173000000002,,26.190825
2016-08-29,20.881094,33.37191,15.115151000000001,,26.455378000000003
2016-08-30,20.7181,35.149921,15.317905,,26.637831
2016-08-31,20.537001,34.301945,14.967738,,26.592215999999997
2016-09-01,20.555108999999998,34.311066,15.419282,,27.367634000000002
2016-09-02,20.844873,34.675789,15.115151000000001,,28.042702000000002
2016-09-05,21.188969,34.885498,15.262661999999999,,27.978844
2016-09-06,20.944481,34.557255,15.63134,,28.444096000000002
2016-09-08,20.853931,34.420479,16.036848000000003,,28.380238000000002
2016-09-09,20.120464000000002,33.508682,15.668169,,27.586572999999998
2016-09-12,20.419285000000002,33.663681,15.419282,,27.78727
2016-09-13,19.740149,32.71542,15.225735999999998,,27.139570000000003
2016-09-14,19.812592000000002,32.378044,15.087529,,27.276409
2016-09-15,19.912195,32.888653000000005,15.898544000000001,,27.905863
2016-09-16,19.540937,32.232155,15.944676999999999,,27.312898999999998
2016-09-19,19.604322,32.523933,15.889339000000001,,27.194305
2016-09-20,19.613379000000002,33.782222999999995,15.916960999999999,,27.0301
2016-09-21,19.758259,34.374889,16.30415,,27.522717999999998
2016-09-22,19.839758,34.137821,16.820242,,28.307257
2016-09-23,19.68582,33.964581,16.847864,,28.434971
2016-09-26,19.486609,33.262493,16.589867,,27.860252000000003
2016-09-27,19.821645999999998,33.463093,16.377807999999998,,28.197784000000002
2016-09-28,20.446451,34.557255,16.755695000000003,,28.115681
2016-09-29,19.894089,34.174296999999996,15.990716,,27.668678000000003
2016-09-30,19.921253,34.384007000000004,15.898544000000001,,27.258162
2016-10-03,20.020857,34.931090999999995,16.331772,,27.778151
2016-10-04,19.903141,34.739605,16.774109,,27.878494
2016-10-05,20.238182000000002,36.18026,17.096752,,27.467980999999998
2016-10-06,20.192907,36.864105,17.069032999999997,,27.431492
2016-10-07,20.645661999999998,36.836758,17.400883,,27.741657
2016-10-10,20.582273,36.481148,17.400883,,28.133928000000004
2016-10-11,20.301567000000002,36.845871,17.161201000000002,,27.778151
2016-10-13,21.125584,37.821498999999996,17.50226,,28.188663000000002
2016-10-14,21.496841,37.794144,17.926182,,28.763384000000002
2016-10-17,21.958651,38.022095,18.092106,,29.119164
2016-10-18,22.918492999999998,39.91864,18.460785,,29.465818
2016-10-19,22.511015,38.36858,18.626711,,29.493189
2016-10-20,22.61062,38.733299,18.469992,,29.493189
2016-10-21,22.266529000000002,39.508331,18.801744,,29.237755
2016-10-24,22.511015,38.924778,18.525333,,29.018812
2016-10-25,22.5744,39.198322,18.709576000000002,,28.863729
2016-10-26,22.683062,37.593544,18.893915,,28.480583000000003
2016-10-27,22.990934,39.143608,18.66354,,28.690403000000003
2016-10-28,23.144875,38.86095,18.543749,,28.590055
2016-10-31,23.814949,39.134487,19.050632,,29.319859
2016-11-01,23.144875,38.031212,18.801744,,28.380238000000002
2016-11-03,23.009047,37.046471000000004,18.847878,,27.185181
2016-11-04,23.235428,37.073826000000004,19.539103,,26.957119
2016-11-07,24.077551,38.788006,19.824818,,28.079193
2016-11-08,24.394478,39.435387,20.552969,,27.823760999999998
2016-11-09,23.833060999999997,38.477996999999995,20.138158999999998,,27.531839
2016-11-10,22.746449,37.110294,18.930841,,26.181704999999997
2016-11-11,22.520070999999998,33.736629,18.202692000000003,,25.63435
2016-11-14,22.909439000000003,34.648434,18.138239000000002,,25.63435
2016-11-16,24.140936,33.736629,19.815613,,26.519236
2016-11-17,23.805895,32.368927,19.262594,,26.136091
2016-11-18,25.109833,33.691044,20.276460999999998,,26.446257
2016-11-21,25.70747,34.347534,20.728102,,26.373276
2016-11-22,26.178339,34.694023,20.285667,,26.573973
2016-11-23,25.70747,34.210770000000004,20.12895,,26.190825
2016-11-24,25.182272,34.575485,19.64048,,25.689085000000002
2016-11-25,25.680305,35.058746,19.281008,,25.470144
2016-11-28,26.051567000000002,35.104332,19.400898,,26.136091
2016-11-29,25.100776999999997,34.821671,19.124388,,25.48839
2016-11-30,25.499203,35.997894,18.709576000000002,,25.807679999999998
2016-12-01,23.461802,34.766964,17.926182,,24.585258
2016-12-02,24.041327,34.821671,17.327126999999997,,25.086998
2016-12-05,23.778732,33.736629,17.834013,,24.630871
2016-12-06,24.159048000000002,35.569347,17.373260000000002,,24.81332
2016-12-07,24.303928,35.469055,17.787975,,24.995770999999998
2016-12-08,24.340147,35.596027,16.958448,,24.630871
2016-12-09,24.312984,36.023548,16.774109,,24.366316
2016-12-12,23.561409,35.484501,15.926264999999999,,23.554409
2016-12-13,23.434635,35.20647,16.248808,,24.320704
2016-12-14,23.325975,34.55257,15.797170000000001,,24.001413
2016-12-15,23.606686,35.282288,15.935472,,24.284214000000002
2016-12-16,24.358259,35.20647,15.852509,,24.147375
2016-12-19,23.968889,34.258789,16.027641,,23.992292000000003
2016-12-20,24.267708,34.448322,16.635901999999998,,24.165619
2016-12-21,24.231485,34.609432,16.60828,,23.974049
2016-12-22,24.122826,35.17804,17.151995,,24.722095
2016-12-23,24.584637,34.960075,16.718866000000002,,24.858932
2016-12-26,24.983063,34.590477,16.949242,,24.931913
2016-12-27,25.109833,33.841805,17.207335999999998,,24.548769
2016-12-28,26.431879,35.784557,17.105959,,25.534001999999997
2016-12-29,26.739756,36.15416,17.207335999999998,,25.816801
2017-01-02,26.712587,35.20647,17.050617000000003,,25.37892
2017-01-03,27.663376,36.845966,17.723426999999997,,26.282051
2017-01-04,27.79015,36.864922,17.603635999999998,,27.112204
2017-01-05,27.648714000000002,36.798584000000005,16.903206,,26.56485
2017-01-06,27.526709000000004,35.945663,17.50226,,26.154335
2017-01-09,27.902113,36.495323,17.22575,,26.747301
2017-01-10,27.855186,35.613976,16.88479,,26.966241999999998
2017-01-11,28.033503999999997,35.974094,17.428503,,26.190825
2017-01-12,29.441282,36.523754,17.511467,,25.908028
2017-01-13,29.347428999999998,36.599567,18.055277,,24.858932
2017-01-16,29.79792,36.353168,18.755709,,24.676481
2017-01-17,30.473652,37.660976,18.571371,,25.041386
2017-01-18,29.356815,37.168178999999995,17.271883,,24.868059
2017-01-19,28.446453,37.509346,16.958448,,24.795076
2017-01-20,28.943866999999997,38.163246,17.244165,,24.931913
2017-01-23,29.79792,38.210629,16.903206,,25.278570000000002
2017-01-24,29.206652000000002,38.684471,16.497695999999998,,24.959284
2017-01-26,29.938696000000004,38.637089,17.179714,,25.725578
2017-01-27,29.666522999999998,38.428596,16.599075,,26.245559999999998
2017-01-30,28.925096999999997,38.01162,16.525318,,25.816801
2017-01-31,29.384970000000003,38.163246,16.350187,,25.461021
2017-02-01,29.957464,38.494934,15.926264999999999,,25.232958
2017-02-02,30.117014,39.101456,15.981507,,25.351553
2017-02-03,30.304717999999998,40.418735999999996,15.566792999999999,,25.205589
2017-02-06,29.938696000000004,40.371349,15.751133,,25.570494
2017-02-07,29.657140999999996,39.9828,15.48383,,25.48839
2017-02-08,29.957464,39.243607,15.474623999999999,,25.086998
2017-02-09,30.595657,39.347851,15.48383,,25.123489000000003
2017-02-10,32.369457000000004,39.755356,16.202676999999998,,25.150856
2017-02-13,33.373672,39.442619,16.746487,,26.026621
2017-02-14,32.144211,39.916462,16.912413,,25.689085000000002
2017-02-15,33.505058,40.323966999999996,16.912413,,26.318540999999996
2017-02-16,32.744858,40.181812,17.198128,,26.911507
2017-02-17,32.435154,40.371349,17.612842999999998,,26.998901
2017-02-20,32.200523,40.750423,17.612842999999998,,27.055266999999997
2017-02-21,33.035804999999996,41.138977000000004,18.138239000000002,,27.609524
2017-02-22,33.110882000000004,39.0825,17.705015,,27.543765999999998
2017-02-23,32.397614000000004,38.580227,17.576014999999998,,27.543765999999998
2017-02-24,32.247448,37.812603,17.419296,,26.886171
2017-03-01,32.378838,36.959686,17.327126999999997,,26.698288
2017-03-02,31.975281,37.253471000000005,17.041412,,27.186784999999997
2017-03-03,32.575928000000005,36.400551,16.958448,,27.806803000000002
2017-03-06,32.181746999999994,37.300854,16.847864,,27.66589
2017-03-07,31.750035999999998,36.163631,17.050617000000003,,27.384064000000002
2017-03-08,30.642585999999998,36.012001,16.31336,,27.036478000000002
2017-03-09,30.032546999999997,36.675381,16.442354,,27.074054999999998
2017-03-10,29.73222,36.068867,16.86628,,27.233755
2017-03-13,30.3141,36.959686,16.405432,,27.102240000000002
2017-03-14,30.023163,35.462345,16.405432,,27.243151
2017-03-15,30.3141,36.485847,17.253373999999997,,27.675282
2017-03-16,29.79792,36.590092,17.050617000000003,,28.323483000000003
2017-03-17,29.234806,35.86985,17.511467,,27.571946999999998
2017-03-20,29.685295,35.974094,17.771992,,27.243151
2017-03-21,28.953253000000004,34.55257,17.229149,,27.027084000000002
2017-03-22,28.493382,35.642406,17.051416,,27.66589
2017-03-23,28.831245000000003,34.884258,17.173054,,27.327697999999998
2017-03-24,28.812477,35.661362,17.435125,,27.252544
2017-03-27,28.737392,35.841419,17.50057,,26.651318
2017-03-28,26.606959999999997,36.978642,17.734596,,26.914352
2017-03-29,25.978154999999997,36.864922,18.483219000000002,,27.609524
2017-03-30,26.456799,36.305786,18.576807000000002,,27.66589
2017-03-31,25.949999,36.827015,19.185095,,27.431034000000004
2017-04-03,25.987539,36.864922,19.559456,,27.440428000000004
2017-04-04,25.837374,36.220493,19.88707,,27.478004
2017-04-05,24.523451,36.002525,19.933815,,27.017690999999996
2017-04-06,23.59432,35.983574,20.598295,,26.942534999999996
2017-04-07,23.584932000000002,36.675381,21.244078,,27.214968
2017-04-10,23.247068,36.770148999999996,21.889763000000002,,26.679499
2017-04-11,23.312763,36.476372,21.702581,,26.970717999999998
2017-04-12,22.899817000000002,36.864922,22.27347,,26.698288
2017-04-13,22.308552,36.201541999999996,22.367062,,26.378884999999997
2017-04-17,22.862276,36.353168,22.226725,,27.327697999999998
2017-04-18,23.631859,35.727699,22.432604,,27.233755
2017-04-19,23.556778,34.780014,22.37641,,26.726471000000004
2017-04-20,23.810179,34.334602000000004,22.647833,,27.261940000000003
2017-04-24,24.110506,34.67577,22.872408,,27.177393
2017-04-25,24.589149,35.06432,23.068937,,27.449821000000004
2017-04-26,24.936398,33.955528,22.788168,,27.581343
2017-04-27,25.105332999999998,33.832333,22.647833,,27.261940000000003
2017-04-28,25.734138,35.168564,22.928601999999998,,28.079233000000002
2017-05-02,26.597573999999998,35.733986,23.677225,,28.022869
2017-05-03,25.452582999999997,34.897991,23.284166,,27.919531
2017-05-04,24.936773000000002,33.68288,22.479349,,27.290121000000003
2017-05-05,26.200585999999998,34.275852,22.460651000000002,,27.402851000000002
2017-05-08,25.889347,35.277107,23.396553,,28.051052000000002
2017-05-09,26.002525,35.957569,24.079632,,28.342271999999998
2017-05-10,26.21945,36.599148,23.499491,,28.539548999999997
2017-05-11,26.077978,36.035336,23.957994,,28.586521
2017-05-12,27.021124,36.482494,23.883104,,29.272297
2017-05-15,27.322931,36.939377,23.602432,,29.121988
2017-05-16,26.823063,38.076721,24.145176,,29.723215000000003
2017-05-17,26.313765000000004,37.483748999999996,24.051586,,29.215931
2017-05-18,23.380582999999998,34.343903000000005,20.495358,,26.228577
2017-05-19,23.918173,34.791061,22.27347,,26.829805
2017-05-22,23.606935999999997,33.838413,21.244078,,26.585556
2017-05-23,24.144529000000002,34.635529,20.776127,,27.384064000000002
2017-05-24,24.267138,34.936873999999996,21.440507999999998,,28.013474
2017-05-25,23.625799,35.286827,21.384415,,27.863166999999997
2017-05-26,24.295431,35.53957,22.104988,,27.957109000000003
2017-05-29,,35.53957,22.104988,,27.957109000000003
2017-05-30,24.342589999999998,35.578453,22.367062,,27.89135
2017-05-31,23.993626000000003,35.024361,22.516845999999997,,27.337093
2017-06-01,23.408875,35.529846,22.09564,,28.041656
2017-06-02,23.559778,35.004917,21.646486,,28.464396
2017-06-05,24.219982,33.566227000000005,21.758774,,28.52076
2017-06-06,24.295431,33.439857,22.179882,,28.182570000000002
2017-06-07,24.785872,33.449577000000005,22.460651000000002,,27.928926
2017-06-08,24.031351,32.341396,21.899110999999998,,27.731648999999997
2017-06-09,23.210814000000003,31.38875,21.702581,,27.957109000000003
2017-06-12,23.125933,30.815217999999998,22.217377,,27.139814
2017-06-13,23.069342000000002,30.426379999999998,22.226725,,26.923748
2017-06-14,23.503189000000003,30.815217999999998,22.217377,,27.102240000000002
2017-06-15,,30.815217999999998,22.217377,,27.102240000000002
2017-06-16,23.522053,30.231964,22.395107,,26.980114
2017-06-19,23.729544,30.406940000000002,22.320217,,27.534370000000003
2017-06-20,23.333424,29.843128000000004,21.347017,,26.604345000000002
2017-06-21,23.484327,29.425131,21.337667,,26.585556
2017-06-22,23.474894,29.930615999999997,21.337667,,26.914352
2017-06-23,23.540916,30.912426,21.805521,,26.585556
2017-06-26,24.069077,31.787308000000003,21.571594,,26.951931
2017-06-27,23.456032,32.205307,21.590294,,26.3507
2017-06-28,23.352287,32.837162,22.076941,,26.097058999999998
2017-06-29,23.333424,33.410694,22.048895,,26.397675
2017-06-30,23.578642000000002,33.614834,22.928601999999998,,26.914352
2017-07-03,24.078512,33.245441,23.471346,,26.416464
2017-07-04,23.993626000000003,33.449577000000005,23.43395,,26.294338
2017-07-05,24.069077,32.963535,23.228071,,25.890387
2017-07-06,23.682389999999998,32.759396,22.95665,,25.69311
2017-07-07,23.946468,32.27335,23.078287,,25.730686
2017-07-10,24.191686999999998,32.419163,23.078287,,25.974936
2017-07-11,24.691553,32.55526,23.181227,,26.181606
2017-07-12,25.361189000000003,33.537067,23.583635,,26.651318
2017-07-13,25.361189000000003,34.363338,23.003395,,27.19618
2017-07-14,25.19142,34.509155,23.536888,,27.393457
2017-07-17,25.181988,34.460552,23.574285999999997,,26.923748
2017-07-18,25.427205999999998,34.411949,23.583635,,27.149208
2017-07-19,24.568945000000003,35.209061,23.536888,,27.064659000000002
2017-07-20,24.52179,34.800781,23.611782,,27.19618
2017-07-21,24.408609,34.509155,23.583635,,26.773441
2017-07-24,23.814428,34.703575,23.677225,,26.529192
2017-07-25,24.135098,34.956314,24.210718,,26.115847
2017-07-26,24.465199,34.752178,24.117128,,25.796444
2017-07-27,24.597239000000002,35.014641,24.397898,,26.153425
2017-07-28,24.153961,34.645247999999995,24.341704999999997,,26.021906
2017-07-31,24.059647000000002,35.092407,23.948645000000003,,25.787052
2017-08-01,24.342589999999998,34.353621999999994,23.396553,,25.834023000000002
2017-08-02,24.946203,34.703575,22.413807000000002,,26.125242
2017-08-03,24.75037,34.139759000000005,23.115783999999998,,26.068876
2017-08-04,24.816725,35.043803999999994,23.770815,,25.458254
2017-08-07,25.1485,36.151984999999996,23.639828,,25.307947
2017-08-08,25.736212,35.529846,23.817659,,25.204613000000002
2017-08-09,25.584543,35.179893,23.405903,,24.875814000000002
2017-08-10,25.357044000000002,35.141014,23.461996,,24.640960999999997
2017-08-11,25.878401,34.995201,23.52754,,25.020321
2017-08-14,26.352365000000002,35.831196000000006,23.649178,,25.58214
2017-08-15,26.096426,36.404728000000006,24.323007999999998,,25.969601
2017-08-16,26.314449,36.268639,24.519537,,26.260199
2017-08-17,25.546631,35.918686,24.697367,,25.620888
2017-08-18,25.973194,36.599148,24.893895999999998,,26.715465999999996
2017-08-21,25.736212,36.151984999999996,25.258909,,26.831705
2017-08-22,26.286011,36.453331,26.11047,,26.957628000000003
2017-08-23,26.541952000000002,36.628307,26.522228000000002,,27.102926
2017-08-24,26.67466,37.085194,27.851189,,26.734838
2017-08-25,26.627264,37.37682,27.738899,,26.56048
2017-08-28,26.627264,37.629559,27.795094,,26.705778000000002
2017-08-29,26.778933000000002,37.600398999999996,27.607914,,26.802645000000002
2017-08-30,26.788412,37.279606,27.401936,,26.599226
2017-08-31,26.57987,37.512909,27.317792999999998,,26.851076000000003
2017-09-01,26.778933000000002,37.862862,27.327143,,27.112614
2017-09-04,26.968519,38.144768,27.102466999999997,,27.054495000000003
2017-09-05,26.826328000000004,38.057281,28.075765999999998,,27.432268
2017-09-06,27.556232,37.911465,29.011667,,27.819729
2017-09-07,27.556232,37.911465,29.011667,,27.819729
2017-09-08,27.139145000000003,37.610119,29.011667,,28.187819
2017-09-11,27.594151,37.775375,29.105257,,27.994087
2017-09-12,27.300290999999998,37.785095,29.853977,,27.994087
2017-09-13,27.31925,38.125328,28.674801000000002,,27.790670000000002
2017-09-14,26.693621000000004,37.717048999999996,29.245592,,28.052205999999998
2017-09-15,27.262377,38.261417,28.506319,,28.739952000000002
2017-09-18,27.281334,37.551796,30.399573999999998,,28.555906
2017-09-19,27.110706,37.512909,30.50783,,28.090953999999996
2017-09-20,26.940081,37.911465,30.832590000000003,,28.023148
2017-09-21,26.66518,37.823978000000004,30.704655,,27.790670000000002
2017-09-22,27.214979,36.744957,30.409415999999997,,27.848789
2017-09-25,26.788412,36.754681,29.897672999999998,,27.819729
2017-09-26,26.361843,36.686634000000005,30.015767999999998,,27.945656
2017-09-27,26.162781,35.510406,29.818943,,27.606627000000003
2017-09-28,25.878401,34.995201,29.917355,,27.635687
2017-09-29,26.200699,35.189617,30.704655,,27.73255
2017-10-02,26.210176,35.704823,31.974173999999998,,27.403209999999998
2017-10-03,26.797891999999997,36.735240999999995,32.889408,,27.625999
2017-10-04,26.4282,37.405978999999995,32.977978,,28.207193
2017-10-05,26.921121999999997,37.114353,33.676708000000005,,28.381548
2017-10-06,27.281334,36.813004,32.623695,,28.139384999999997
2017-10-09,27.770403,36.404728000000006,33.037025,,28.090953999999996
2017-10-10,28.827507,37.279606,33.814484,,28.207193
2017-10-11,28.284671999999997,37.1824,32.889408,,28.187819
2017-10-12,28.284671999999997,37.1824,32.889408,,28.187819
2017-10-13,28.446569,38.31974,32.83036,,28.236252
2017-10-16,29.570339,37.814259,32.869728,,27.916595
2017-10-17,29.113211,37.19212,32.604015000000004,,27.703492999999998
2017-10-18,29.113211,37.367096000000004,33.38147,,28.1297
2017-10-19,28.75132,37.07547,32.702422999999996,,27.713178999999997
2017-10-20,28.617990000000002,37.425422999999995,32.800838,,28.100639
2017-10-23,28.617990000000002,37.06575,31.580524,,27.558195
2017-10-24,28.998932,37.124072999999996,32.269413,,27.819729
2017-10-25,29.389390999999996,36.939377,31.826555,,27.810043
2017-10-26,28.332287,36.803284000000005,31.098305,,27.625999
2017-10-27,28.617990000000002,37.046307,31.137669,,27.703492999999998
2017-10-30,28.0942,35.870079,30.527511999999998,,27.122298999999998
2017-10-31,27.246614,36.356125,30.36021,,26.860764
2017-11-01,27.684692,35.967289,29.818943,,26.56048
2017-11-02,27.684692,35.967289,29.818943,,26.56048
2017-11-03,28.06563,36.015892,29.769737,,26.415182
2017-11-06,28.0942,36.171425,29.504022999999997,,27.364464
2017-11-07,27.608503000000002,35.121571,29.130056,,26.347378000000003
2017-11-08,28.875124,35.967289,29.139898,,27.374149
2017-11-09,27.922777000000004,36.083939,28.795454,,27.180418
2017-11-10,27.856115000000003,35.24794,28.214821,,27.219165999999998
2017-11-13,28.056107,35.461803,28.391964,,27.083553000000002
2017-11-14,26.951385,34.130039000000004,27.899902,,26.637974
2017-11-15,26.951385,34.130039000000004,27.899902,,26.637974
2017-11-16,28.427525,34.489712,28.539583,,26.928568
2017-11-17,28.770366999999997,35.102131,29.110374,,26.589540000000003
2017-11-20,28.770366999999997,35.102131,29.110374,,26.589540000000003
2017-11-21,28.989407,35.481243,29.897672999999998,,26.831705
2017-11-22,29.084642,35.704823,29.818943,,26.725151
2017-11-23,28.789412,35.967289,29.32688,,26.463615
2017-11-24,29.0275,35.490963,28.992278999999996,,26.298944
2017-11-27,28.875124,35.63678,29.002119,,26.134273999999998
2017-11-28,28.475138,35.656219,29.523706,,26.153646
2017-11-29,28.046584999999997,35.529846,29.041484999999998,,26.008348
2017-11-30,27.522793,34.829945,29.021803000000002,,26.037407
2017-12-01,27.865639,34.674408,29.218628000000002,,26.211765
2017-12-04,28.894173,35.170177,28.490377000000002,,26.337690000000002
2017-12-05,29.046546999999997,34.509155,28.933231,,26.53142
2017-12-06,29.608433,34.285576,28.155775,,26.967315999999997
2017-12-07,29.760807,34.499435,27.929423999999997,,27.25791
2017-12-08,30.475067,33.780087,28.116409,,26.938254999999998
2017-12-11,30.551256,34.236973,28.017996000000004,,27.015746999999998
2017-12-12,31.094093,35.043803999999994,28.687201,,27.122298999999998
2017-12-13,30.61792,36.861607,28.332918,,27.199790999999998
2017-12-14,30.370306,36.949096999999995,28.244346999999998,,27.122298999999998
2017-12-15,30.208408000000002,37.911465,29.169420000000002,,27.316031
2017-12-18,30.15127,37.678162,29.080849,,27.383837
2017-12-19,29.532242,37.998955,28.933231,,27.248224
2017-12-20,29.551291,38.873837,29.395771000000003,,27.296658
2017-12-21,30.741721999999996,39.690391999999996,30.064974,,27.364464
2017-12-22,30.284594,39.855644,29.818943,,27.325715999999996
2017-12-25,30.284594,39.855644,29.818943,,27.325715999999996
2017-12-26,30.465544,40.020897,29.661482,,27.267597
2017-12-27,30.256025,40.050064,30.586559,,27.490387
2017-12-28,30.360783,40.34169,30.803065999999998,,27.596939000000003
2017-12-29,30.360783,40.34169,30.803065999999998,,27.596939000000003
2018-01-02,31.170278999999997,41.362381,31.108145,,27.800358000000003
2018-01-03,30.913142999999998,41.362381,30.999890999999998,,27.819729
2018-01-04,31.284557,41.265175,31.482111,,27.87785
2018-01-05,31.617884000000004,41.692890000000006,31.088463,,28.061892999999998
2018-01-08,32.175987,41.333218,31.147509000000003,,28.226564
2018-01-09,31.948139,40.195873,31.049096999999996,,28.1297
2018-01-10,31.888699,39.418201,31.295128000000002,,28.01346
2018-01-11,32.364208000000005,39.816761,31.295128000000002,,28.178133000000003
2018-01-12,32.205704,40.536106,30.763702000000002,,28.236252
2018-01-15,32.146267,40.516666,30.606240999999997,,28.197506
2018-01-16,32.086826,39.622341,30.35037,,28.701203999999997
2018-01-17,32.433556,40.827732,31.206556,,29.359888
2018-01-18,32.205704,41.313778000000006,30.999890999999998,,29.660172999999997
2018-01-19,32.364208000000005,41.187405,30.803065999999998,,29.727978000000004
2018-01-22,33.176533,40.749966,30.999890999999998,,29.592365
2018-01-23,33.216156,41.401264000000005,30.517671999999997,,29.834528000000002
2018-01-24,34.820999,42.966328000000004,31.098305,,30.81287
2018-01-25,34.820999,42.966328000000004,31.098305,,30.81287
2018-01-26,36.346577,43.967579,32.446552000000004,,31.481240999999997
2018-01-29,35.385661999999996,44.375858,32.052902,,30.221991999999997
2018-01-30,35.316315,43.141304,32.082423999999996,,30.231676
2018-01-31,35.504536,42.421959,32.643375,,30.134813
2018-02-01,36.25742,42.771912,32.613853000000006,,30.919421999999997
2018-02-02,36.059298999999996,42.781631,31.570684000000004,,30.754751000000002
2018-02-05,34.593146999999995,42.431683,30.803065999999998,,30.270424
2018-02-06,35.851261,43.209351,32.279251,,30.919421999999997
2018-02-07,35.167716999999996,43.121864,32.190681,,30.270424
2018-02-08,34.999313,42.110889,30.753859999999996,,29.485815000000002
2018-02-09,34.454456,42.208096000000005,29.818943,,29.650485999999997
2018-02-14,35.672943,41.848427,30.940844,,30.076693
2018-02-15,36.039486,42.19838,30.704655,,30.289796999999997
2018-02-16,36.297047,41.702614000000004,29.769737,,30.754751000000002
2018-02-19,36.247516999999995,43.40377,29.740211,,29.33083
2018-02-20,35.900795,45.270179999999996,30.399573999999998,,29.437382
2018-02-21,36.336674,46.465847,30.724337,,29.882963
2018-02-22,36.901340000000005,45.765945,31.364016999999997,,29.592365
2018-02-23,37.713665,44.696647999999996,31.039257,,29.75
2018-02-26,37.891979,44.813297,30.724337,,29.6
2018-02-27,37.525444,43.277397,30.694813,,29.309998999999998
2018-02-28,36.425831,42.159492,30.50783,,29.1
2018-03-01,36.227703000000005,43.053818,30.458624,,29.209999
2018-03-02,36.26733,43.063538,30.537353999999997,,29.200001
2018-03-05,36.465458,42.664982,30.704655,,29.42
2018-03-06,36.148453,43.073257,30.901478000000004,,29.5
2018-03-07,36.25742,42.908001,30.163384999999998,,29.049999
2018-03-08,36.128643,42.334469,29.907513,,28.799999
2018-03-09,36.495178,43.880093,30.03545,,29.469998999999998
2018-03-12,36.901340000000005,43.53014,30.803065999999998,,29.43
2018-03-13,36.386204,42.091446000000005,30.015767999999998,,29.040001
2018-03-14,36.822086,42.062286,29.22847,,28.77
2018-03-15,36.752743,41.566517,29.563072,,27.940001000000002
2018-03-16,37.297596,42.490005,29.523706,,28.15
2018-03-19,37.010311,41.391544,29.32688,,28.049999
2018-03-20,37.317406,40.924938,29.681165999999997,,28.15
2018-03-21,37.059841,41.576240999999996,29.425293,,28.389999
2018-03-22,36.950871,40.876335,29.425293,,28.65
2018-03-23,36.723022,40.798573,23.176107000000002,,29.51
2018-03-26,37.248062,41.304058000000005,22.14278,,29.08
2018-03-27,37.248062,40.429176,20.686277,,29.049999
2018-03-28,37.852352,39.661224,19.83009,,29.24
2018-03-29,39.536442,40.351406,19.692312,,29.27
2018-04-02,39.140186,39.505691999999996,19.879295000000003,,28.74
2018-04-03,39.536442,39.466808,19.042791,,28.370001000000002
2018-04-04,39.16,39.175182,19.190409,,28.299999
2018-04-05,39.328410999999996,38.757183000000005,19.091995,,28.790001
2018-04-06,38.612545000000004,38.475281,18.845964000000002,,28.549999
2018-04-09,38.015755,37.717048999999996,17.76343,,28.450001
2018-04-10,38.045593,37.823978000000004,18.304699,,28.65
2018-04-11,38.791584,39.330715000000005,17.733906,,28.219998999999998
2018-04-12,39.189448999999996,39.311271999999995,17.61581,,28.0
2018-04-13,38.592651000000004,38.348907000000004,18.0193,,27.940001000000002
2018-04-16,37.389122,37.337933,18.00946,,27.700001
2018-04-17,37.657677,38.193371,17.76343,,27.77
2018-04-18,38.920891,37.600398999999996,17.517398999999997,,28.4
2018-04-19,39.089981,36.939377,17.330416,,28.0
2018-04-20,38.652332,36.98798,17.842159,,27.48
2018-04-23,39.000462,36.744957,17.76343,,27.799999
2018-04-24,39.060143,38.446114,17.812635,,27.51
2018-04-25,37.866554,38.251698,17.320574,,27.52
2018-04-26,37.816821999999995,39.194621999999995,17.556765,,27.870001000000002
2018-04-27,38.015755,39.175182,16.946606,,28.02
2018-04-30,37.906341999999995,38.669693,16.6,,27.48
2018-05-02,36.702808000000005,38.61137,16.75,,27.48
2018-05-03,35.966763,37.490002000000004,16.299999,,27.440001000000002
2018-05-04,36.115963,36.790001000000004,16.200001,,27.059998999999998
2018-05-07,35.807617,36.540001000000004,15.7,,26.35
2018-05-08,35.429646000000005,36.950001,15.81,,26.9
2018-05-09,35.499271,37.900002,18.440001000000002,,27.049999
2018-05-10,36.901737,37.599998,18.360001,,27.75
2018-05-11,36.314888,39.09,17.709999,,27.950001
2018-05-14,36.135857,39.599998,17.629998999999998,,27.33
2018-05-15,35.668365,40.349998,17.299999,,26.93
2018-05-16,36.782379,39.959998999999996,17.889999,,27.35
2018-05-17,35.250607,40.299999,17.25,,26.5
2018-05-18,35.310287,40.0,17.0,,26.67
2018-05-21,35.061626000000004,39.98,17.42,,26.65
2018-05-22,35.161091,40.34,18.379998999999998,,27.700001
2018-05-23,34.942268,40.93,17.870001000000002,,27.5
2018-05-24,34.932320000000004,40.169998,18.290001,,28.0
2018-05-25,34.474777,39.619999,18.15,,27.35
2018-05-28,33.211563,37.48,17.860001,,26.860001
2018-05-29,33.271244,38.34,17.190001000000002,,26.040001
2018-05-30,33.59948,38.799999,17.290001,,26.059998999999998
2018-06-01,34.8428,38.450001,17.75,,26.440001000000002
2018-06-04,35.568897,38.5,17.9,,26.51
2018-06-05,34.872643,38.290001000000004,17.610001,,25.5
2018-06-06,33.818306,38.18,17.190001000000002,,25.85
2018-06-07,31.988138,36.689999,16.75,,25.26
2018-06-08,31.828993,35.799999,17.0,,25.459999
2018-06-11,30.834336999999998,36.299999,16.9,,25.5
2018-06-12,30.516046999999997,35.619999,17.120001000000002,,25.4
2018-06-13,30.337009000000002,35.66,17.129998999999998,16.889999,25.0
2018-06-14,29.242887,34.900002,16.84,16.700001,24.84
2018-06-15,29.431871,34.610001000000004,16.389999,16.559998999999998,24.66
2018-06-18,28.745559999999998,34.970001,16.6,16.809998999999998,24.549999
2018-06-19,30.287277000000003,35.139998999999996,17.15,17.84,24.709999
2018-06-20,30.724923999999998,35.02,16.950001,17.370001000000002,24.549999
2018-06-21,29.193154999999997,35.0,16.889999,16.969998999999998,24.129998999999998
2018-06-22,29.988878000000003,35.389998999999996,16.889999,17.540001,24.32
2018-06-25,28.954437,35.630001,16.66,17.879998999999998,24.5
2018-06-26,28.845024,35.849998,16.33,18.32,24.65
2018-06-27,28.337749,35.16,15.95,18.200001,24.190001000000002
2018-06-28,28.665987,35.18,15.83,18.280001000000002,24.15
2018-06-29,29.143421000000004,35.18,15.74,18.290001,24.459999
2018-07-02,28.934544,34.790001000000004,15.87,18.16,24.4
2018-07-03,29.242887,35.240002000000004,16.0,18.299999,24.620001000000002
2018-07-04,29.899359000000004,35.57,15.71,18.25,24.6
2018-07-05,29.459999,35.419998,15.45,18.0,24.52
2018-07-06,29.790001,36.209998999999996,15.85,18.620001000000002,24.6
2018-07-09,29.790001,36.209998999999996,15.85,18.620001000000002,24.6
2018-07-10,29.67,37.040001000000004,15.9,19.35,24.799999
2018-07-11,29.790001,36.560001,15.9,19.459999,24.719998999999998
2018-07-12,31.469998999999998,38.040001000000004,15.9,20.030001000000002,25.0
2018-07-13,,,,20.200001,
